Create database senac_teste;

use senac_teste;
-- phpMyAdmin SQL Dump
-- version 4.7.4
-- https://www.phpmyadmin.net/
--
-- Host: 127.0.0.1
-- Generation Time: 04-Out-2018 às 23:04
-- Versão do servidor: 10.1.28-MariaDB
-- PHP Version: 7.1.10

SET SQL_MODE = "NO_AUTO_VALUE_ON_ZERO";
SET AUTOCOMMIT = 0;
START TRANSACTION;
SET time_zone = "+00:00";


/*!40101 SET @OLD_CHARACTER_SET_CLIENT=@@CHARACTER_SET_CLIENT */;
/*!40101 SET @OLD_CHARACTER_SET_RESULTS=@@CHARACTER_SET_RESULTS */;
/*!40101 SET @OLD_COLLATION_CONNECTION=@@COLLATION_CONNECTION */;
/*!40101 SET NAMES utf8mb4 */;

--
-- Database: `senac_neb`
--


-- --------------------------------------------------------

--
-- Estrutura da tabela `agenda`
--

CREATE TABLE `agenda` (
  `id` bigint(20) NOT NULL,
  `assunto` varchar(255) NOT NULL,
  `cadastroEvento` datetime DEFAULT NULL,
  `convidado` varchar(255) DEFAULT NULL,
  `descricao` longtext NOT NULL,
  `dia_evento` datetime NOT NULL,
  `email2` date DEFAULT NULL,
  `email3` date DEFAULT NULL,
  `idUsuario` bigint(20) DEFAULT NULL
) ENGINE=MyISAM DEFAULT CHARSET=latin1;

--
-- Extraindo dados da tabela `agenda`
--

INSERT INTO `agenda` (`id`, `assunto`, `cadastroEvento`, `convidado`, `descricao`, `dia_evento`, `email2`, `email3`, `idUsuario`) VALUES
(32, 'Teste', '2018-02-15 00:00:00', 'tjunior103@hotmail.com', 'teste', '2018-02-15 02:00:00', NULL, NULL, 1),
(33, 'teste', '2018-02-15 00:00:00', 'tjunior103@hotmail.com;cel055.web@gmail.com;pablocbatista@gmail.com', 'Aqui é descrição do corpo de e-mail.', '2018-02-17 09:00:00', '2018-02-16', '2018-02-17', 1),
(34, 'Teste Horario', '2018-02-19 00:00:00', '', 'fsd fsdf sdfsdf dsf', '2018-02-20 12:00:00', NULL, NULL, 1),
(35, 'teste horario', '2018-02-19 00:00:00', '', 'dsf sdfsdfsdfsdfsdf', '2018-02-21 03:00:00', NULL, NULL, 1),
(36, 'Teste Final 1.0', '2018-03-02 00:00:00', 'tjunior103@hotmail.com; cel055.web@gmail.com', 'Teste Final 1.0', '2018-03-10 08:00:00', '2018-03-05', '2018-03-07', 1),
(37, 'Capacitação EaD para Professores', '2018-03-07 00:00:00', '', '', '2018-03-10 03:00:00', NULL, NULL, 12),
(38, 'Teste', '2018-03-15 00:00:00', 'ismael.moraes@sc.senac.br', 'teste', '2018-03-22 00:00:00', '2018-03-16', '2018-03-19', 13),
(39, 'Dia da Família', '2018-03-16 00:00:00', 'pablocbatista@sc.senac.br; thamiris.silveira@c.senac.br;cristina.borges@sc.senac.br; silvio.junior@sc.senac.br;', 'Dia da família ', '2018-04-15 00:00:00', '2018-03-21', '2018-03-28', 15),
(40, 'teste', '2018-03-16 00:00:00', 'cristiane.melo@sc.senac.br', 'reunião teste', '2018-03-21 00:00:00', NULL, NULL, 17),
(41, 'melhorar no sistema', '2018-03-16 00:00:00', 'silvio.junior@edu.sc.senac.br; felipe.navalho@cursos.sc.senac.br', 'Fazer tela para mostrar eventos do dia.', '2018-03-21 00:00:00', '2018-03-19', '2018-03-20', 16),
(42, 'Reunião: Apresentação do projeto do Ensino Médio', '2018-03-19 00:00:00', 'antonio@sc.senac.br; francinesc@sc.senac.br; fabian.souza@sc.senac.br; wbonow@sc.senac.br; eliezer.souza@sc.senac.br; natalha.almeida@sc.senac.br', 'Apresentação do projeto criado pela professora Lucéli de revitalização dos ambientes biblioteca e hall de entrada e criação de sala de games e coworking.', '2018-03-20 17:00:00', '2018-03-20', NULL, 16),
(43, 'CPA', '2018-03-26 00:00:00', 'silvio.junior@edu.sc.senac.br; francinesc@sc.senac.br; artur.cury@edu.sc.senac.br', 'Apresentação das ações da CPA no almoço de confraternização.', '2018-03-28 11:30:00', '2018-03-27', '2018-03-28', 8),
(44, 'Reunião Ocupação Labs', '2018-03-27 00:00:00', 'silvio.junior@edu.sc.senac.br; fabian.souza@sc.senac.br', 'Reunião Ocupação Labs', '2018-04-03 15:00:00', '2018-03-29', '2018-04-02', 6),
(45, 'Reunião Conselho de Classe ADS', '2018-03-27 00:00:00', 'cristina.borges@sc.senac.br; reginaldo.cardoso@sc.senac.br; francise.correia@sc.senac.br', 'Olá Pessoal!\r\n\r\n\r\nConselho de classe ADS\r\n\r\n\r\n', '2018-04-07 00:00:00', '2018-04-02', '2018-04-06', 1),
(46, 'Correção do sistema', '2018-04-02 00:00:00', 'tjunior103@hotmail.com', 'Limpar tela do evento assim q mandar e-mail.\r\nFazer busca no convidar.', '2018-04-03 00:00:00', NULL, NULL, 18),
(47, 'Teste', '2018-04-05 00:00:00', 'silvio.junior@edu.sc.senac.br', 'Teste', '2018-04-06 00:00:00', NULL, NULL, 20),
(48, 'PG 3ª fase', '2018-04-18 00:00:00', '', '', '2018-04-18 00:00:00', NULL, NULL, 23),
(49, 'Reunião CI - Senac', '2018-05-03 00:00:00', 'camila.stefanelo@edu.sc.senac.brcamila.stefanelo@edu.sc.senac.br; antoantonio@sc.senac.br', 'Teste evento sistema novo Senac', '2018-05-07 14:00:00', '2018-05-05', '2018-05-07', 1),
(50, 'Corrigir evento para o usuário convidado', '2018-05-03 00:00:00', 'silvio.junior@edu.sc.senac.br', 'Corrigir visualização do evento no calendário:\r\nExemplo a Camila logou e não visualizou o evento onde ela foi convidada', '2018-05-10 00:00:00', '2018-05-07', '2018-05-09', 24),
(51, 'Deris - depois do intervalo', '2018-05-14 00:00:00', '', '', '2018-05-14 20:30:00', NULL, NULL, 16),
(52, 'Bug Evento Cache', '2018-05-15 00:00:00', 'silvio.junior@edu.sc.senac.br;taisataisa.rossafa@edu.sc.senac.br', 'corrigir bug do convidado.', '2018-05-31 00:00:00', NULL, NULL, 25),
(53, 'Marcio - 3ªPG', '2018-05-16 00:00:00', '', '', '2018-05-16 00:00:00', NULL, NULL, 23),
(54, 'Deris PG', '2018-06-07 00:00:00', '', 'Deris PG', '2018-06-07 19:00:00', NULL, NULL, 16),
(55, 'Reunião com Cesar ', '2018-06-29 00:00:00', 'tjunior103@hotmail.com; fabian.souza@sc.senac.brfrancinesc@sc.senac.brnatalha.almeida@sc.senac.br', 'Reunião Cesar sobre gestão de procedimentos', '2018-07-09 00:00:00', '2018-07-03', '2018-07-05', 1),
(56, 'teste', '2018-07-12 00:00:00', 'silvio.junior@edu.sc.senac.br', 'teste', '2018-07-27 00:00:00', '2018-07-16', '2018-07-17', 26),
(57, 'Professora Mara', '2018-08-09 00:00:00', '', 'Biblioteca depois do intervalo', '2018-08-09 20:00:00', NULL, NULL, 16),
(58, 'Professora Mara', '2018-08-09 00:00:00', '', 'Biblioteca depois do intervalo', '2018-08-16 20:00:00', NULL, NULL, 16),
(59, 'Professora Mara', '2018-08-09 00:00:00', '', 'Biblioteca depois do intervalo', '2018-08-23 20:00:00', NULL, NULL, 16);

-- --------------------------------------------------------

--
-- Estrutura da tabela `atividade`
--

CREATE TABLE `atividade` (
  `id` bigint(20) NOT NULL,
  `descricao` varchar(255) DEFAULT NULL,
  `dt_entrega` date DEFAULT NULL,
  `dt_inicio` date DEFAULT NULL,
  `dt_prazoFinal` date NOT NULL,
  `nome` varchar(255) NOT NULL,
  `observacao` longtext,
  `progresso` int(11) DEFAULT NULL,
  `idPlanejamento` bigint(20) DEFAULT NULL
) ENGINE=MyISAM DEFAULT CHARSET=latin1;

--
-- Extraindo dados da tabela `atividade`
--

INSERT INTO `atividade` (`id`, `descricao`, `dt_entrega`, `dt_inicio`, `dt_prazoFinal`, `nome`, `observacao`, `progresso`, `idPlanejamento`) VALUES
(1, 'dfsfjksdjf ksjk fjdsk fjs', '2018-08-24', '2018-08-24', '2018-10-10', 'Reunião', 'Sei lá', NULL, 1),
(2, 'df d fsdfsdfsdfs', NULL, NULL, '2018-09-07', 'Reuniao Ficco', '', NULL, 1);

-- --------------------------------------------------------

--
-- Estrutura da tabela `dia_da_semana`
--

CREATE TABLE `dia_da_semana` (
  `id` bigint(20) NOT NULL,
  `nomeDoDia` varchar(255) DEFAULT NULL,
  `numeroDoDia` int(11) DEFAULT NULL
) ENGINE=MyISAM DEFAULT CHARSET=latin1;

--
-- Extraindo dados da tabela `dia_da_semana`
--

INSERT INTO `dia_da_semana` (`id`, `nomeDoDia`, `numeroDoDia`) VALUES
(1, 'Domingo', 1),
(2, 'Segunda', 2),
(3, 'Terça', 3),
(4, 'Quarta', 4),
(5, 'Quinta', 5),
(6, 'Sexta', 6),
(7, 'Sábado', 7);

-- --------------------------------------------------------

--
-- Estrutura da tabela `funcao`
--

CREATE TABLE `funcao` (
  `id` bigint(20) NOT NULL,
  `descricao` longtext,
  `nome` varchar(50) NOT NULL
) ENGINE=MyISAM DEFAULT CHARSET=latin1;

--
-- Extraindo dados da tabela `funcao`
--

INSERT INTO `funcao` (`id`, `descricao`, `nome`) VALUES
(7, '', 'Desenvolvedor');

-- --------------------------------------------------------

--
-- Estrutura da tabela `funcionario`
--

CREATE TABLE `funcionario` (
  `id` bigint(20) NOT NULL,
  `email` varchar(255) DEFAULT NULL,
  `nome` varchar(50) NOT NULL,
  `idFuncao` bigint(20) DEFAULT NULL
) ENGINE=MyISAM DEFAULT CHARSET=latin1;

-- --------------------------------------------------------

--
-- Estrutura da tabela `perfil`
--

CREATE TABLE `perfil` (
  `id` bigint(20) NOT NULL,
  `descricao` varchar(255) DEFAULT NULL,
  `nome` varchar(255) DEFAULT NULL,
  `tipo` varchar(255) DEFAULT NULL
) ENGINE=MyISAM DEFAULT CHARSET=latin1;

--
-- Extraindo dados da tabela `perfil`
--

INSERT INTO `perfil` (`id`, `descricao`, `nome`, `tipo`) VALUES
(1, 'teste teste', 'Admin', 'ROLE_ADMIN'),
(2, 'perfil básico', 'Logado', 'ROLE_LOGADO');

-- --------------------------------------------------------

--
-- Estrutura da tabela `planejamento`
--

CREATE TABLE `planejamento` (
  `id` bigint(20) NOT NULL,
  `aberto` bit(1) NOT NULL,
  `nome` varchar(255) NOT NULL,
  `progresso` int(11) DEFAULT NULL,
  `semestre` varchar(255) NOT NULL,
  `idUsuario` bigint(20) DEFAULT NULL
) ENGINE=MyISAM DEFAULT CHARSET=latin1;

--
-- Extraindo dados da tabela `planejamento`
--

INSERT INTO `planejamento` (`id`, `aberto`, `nome`, `progresso`, `semestre`, `idUsuario`) VALUES
(1, b'1111111111111111111111111111111', 'Coordenação', NULL, '2 semestre', 1),
(2, b'1111111111111111111111111111111', 'Coordenação', NULL, '2º Semestre', 4);

-- --------------------------------------------------------

--
-- Estrutura da tabela `professor`
--

CREATE TABLE `professor` (
  `id` bigint(20) NOT NULL,
  `disciplinas` varchar(255) NOT NULL,
  `email` varchar(255) NOT NULL,
  `endereco` varchar(255) NOT NULL,
  `foneFixo` varchar(15) NOT NULL,
  `foneMovel` varchar(15) NOT NULL,
  `nome` varchar(255) NOT NULL,
  `whatsapp` tinyint(1) NOT NULL
) ENGINE=InnoDB DEFAULT CHARSET=latin1;

--
-- Extraindo dados da tabela `professor`
--

INSERT INTO `professor` (`id`, `disciplinas`, `email`, `endereco`, `foneFixo`, `foneMovel`, `nome`, `whatsapp`) VALUES
(1, ';Programação Orientada a Objetos;Banco de dados;Engenharia de Software;Algoritmos;Introdução a computadores;Analise Orientada a Objetos;', 'silvio.junior@edu.sc.senac', 'Barreiros - São José - SC', '', '(48) 98833-7737', 'Silvio Percicotte Junior', 1);

-- --------------------------------------------------------

--
-- Estrutura da tabela `reserva`
--

CREATE TABLE `reserva` (
  `id` bigint(20) NOT NULL,
  `fim` date DEFAULT NULL,
  `informacao` varchar(255) DEFAULT NULL,
  `inicio` date DEFAULT NULL,
  `periodo` varchar(255) DEFAULT NULL,
  `idUsuario` bigint(20) DEFAULT NULL,
  `idSala` bigint(20) DEFAULT NULL
) ENGINE=MyISAM DEFAULT CHARSET=latin1;

--
-- Extraindo dados da tabela `reserva`
--

INSERT INTO `reserva` (`id`, `fim`, `informacao`, `inicio`, `periodo`, `idUsuario`, `idSala`) VALUES
(9, '2018-02-02', 'Pós de Pessoas', '2018-02-02', 'Noturno', 1, 1),
(10, '2018-02-03', 'Pós de Pessoas', '2018-02-03', 'Matutino', 1, 1),
(11, '2018-02-03', 'Pós de Pessoas', '2018-02-03', 'Vespertino', 1, 1),
(12, '2018-02-16', 'Pós Pessoas', '2018-02-16', 'Noturno', 1, 1),
(13, '2018-02-17', 'Pós Pessoas', '2018-02-17', 'Matutino', 1, 1),
(14, '2018-02-17', 'Pós Pessoas', '2018-02-17', 'Vespertino', 1, 1),
(578, '2018-07-25', 'Design Módulo 2 - 2017.0148.001', '2018-04-18', 'Noturno', 6, 5),
(16, '2018-03-02', 'Pós de Pessoas ', '2018-03-02', 'Noturno', 5, 1),
(17, '2018-07-20', 'Técnico em Design de Interiores', '2018-02-19', 'Noturno', 6, 18),
(18, '2018-04-18', 'Técnico em Imagem Pessoal Mód3', '2018-02-19', 'Noturno', 6, 24),
(19, '2018-07-10', 'ADS 2017/2', '2018-02-17', 'Noturno', 1, 3),
(20, '2018-07-13', 'ADS 2017/1', '2018-02-19', 'Noturno', 1, 6),
(21, '2018-07-13', 'ADS 2018/1', '2018-02-19', 'Noturno', 1, 17),
(22, '2018-07-13', 'PG 3 fase ', '2018-02-19', 'Noturno', 1, 10),
(23, '2018-07-13', 'PG 1ª fase', '2018-02-19', 'Noturno', 1, 11),
(24, '2018-07-13', 'T. Enf. 003', '2018-02-19', 'Noturno', 1, 13),
(25, '2018-07-13', 'RH 3ª fase', '2018-02-19', 'Noturno', 1, 14),
(26, '2018-07-13', 'T. Enf 004', '2018-02-19', 'Noturno', 1, 16),
(27, '2018-07-13', 'RH 4ª fase', '2018-02-19', 'Noturno', 1, 21),
(28, '2018-07-13', 'Tec Web 3ª fase', '2018-02-19', 'Noturno', 1, 22),
(29, '2018-09-28', 'Técnico em Imagem Pessoal Módulo IV', '2018-05-01', 'Noturno', 6, 24),
(30, '2018-03-03', 'Pós Pessoa', '2018-03-03', 'Matutino', 1, 1),
(31, '2018-03-03', 'Pós Pessoa', '2018-03-03', 'Vespertino', 1, 1),
(32, '2018-12-14', 'ADS 2017/1', '2018-07-30', 'Noturno', 1, 6),
(33, '2019-07-12', 'ADS 2017/1', '2019-02-18', 'Noturno', 1, 6),
(848, '2018-08-31', 'Pós Empresarial', '2018-08-31', 'Noturno', 5, 20),
(35, '2019-07-12', 'ADS 2017/2', '2019-02-18', 'Noturno', 1, 3),
(36, '2019-12-13', 'ADS 2017/2', '2019-07-29', 'Noturno', 1, 3),
(37, '2018-12-14', 'ADS 2018/1', '2018-07-30', 'Noturno', 1, 17),
(38, '2019-07-12', 'ADS 2018/1', '2019-02-18', 'Noturno', 1, 17),
(39, '2019-12-13', 'ADS 2018/1', '2019-07-29', 'Noturno', 1, 17),
(40, '2020-07-10', 'ADS 2018/1', '2020-02-17', 'Noturno', 1, 17),
(41, '2018-02-28', 'JA 2016.0779.003', '2018-02-02', 'Vespertino', 8, 4),
(509, '2018-03-27', 'Prof. Simone Jovem Aprendiz', '2018-03-27', 'Vespertino', 17, 27),
(43, '2018-02-28', 'JA 2017.0779.004', '2018-02-05', 'Vespertino', 8, 10),
(44, '2018-03-30', 'JA 2016.0779.004', '2018-03-02', 'Vespertino', 8, 10),
(45, '2018-04-09', 'JA 2016.0779.004', '2018-04-02', 'Vespertino', 8, 10),
(46, '2018-04-30', 'JA 2017.0779.001', '2018-02-02', 'Vespertino', 8, 11),
(47, '2018-05-18', 'JA 2017.0779.001', '2018-05-02', 'Vespertino', 8, 11),
(48, '2018-07-12', 'JA 2017.0779.002', '2018-02-01', 'Vespertino', 8, 2),
(49, '2018-10-30', 'JA 2017.0779.002', '2018-08-16', 'Vespertino', 8, 2),
(50, '2018-11-14', 'JA 2017.0779.002', '2018-11-01', 'Vespertino', 8, 2),
(51, '2018-02-09', 'JA 2018.0779.001', '2018-02-05', 'Matutino', 8, 4),
(52, '2018-07-12', 'JA 2018.0779.001', '2018-02-15', 'Matutino', 8, 12),
(508, '2018-03-27', 'Prof. Gil,7 alunos usarão os compuutadores', '2018-03-27', 'Noturno', 17, 27),
(55, '2019-05-09', 'JA 2018.0779.001', '2019-03-26', 'Matutino', 8, 4),
(56, '2018-02-09', 'JA 2018.0779.002', '2018-02-05', 'Vespertino', 8, 12),
(57, '2018-07-12', 'JA 2018.0779.002', '2018-03-15', 'Vespertino', 8, 12),
(58, '2018-12-13', 'JA 2018.0779.002', '2018-07-24', 'Vespertino', 8, 12),
(59, '2019-03-21', 'JA 2018.0779.002', '2019-01-29', 'Vespertino', 8, 12),
(60, '2019-05-09', 'JA 2018.0779.002', '2019-03-26', 'Vespertino', 8, 12),
(61, '2018-12-14', 'TE03', '2018-07-30', 'Noturno', 9, 13),
(62, '2018-12-14', 'ADS 4 fase', '2018-07-30', 'Noturno', 9, 16),
(63, '2019-07-12', 'TE4', '2019-02-18', 'Noturno', 9, 16),
(580, '2018-04-19', 'J. A. Prof Simone', '2018-04-19', 'Vespertino', 12, 18),
(579, '2018-04-19', 'Reunião Médio', '2018-04-19', 'Noturno', 11, 1),
(67, '2018-12-14', 'RH 1ª Fase', '2018-07-30', 'Noturno', 1, 21),
(68, '2019-07-12', 'RH 2ª Fase', '2019-02-18', 'Noturno', 1, 21),
(69, '2019-12-13', 'RH 3ª Fase', '2019-07-29', 'Noturno', 1, 21),
(70, '2020-07-10', 'RH 4ª Fase', '2020-02-17', 'Noturno', 1, 21),
(71, '2018-03-16', 'TE02', '2018-02-01', 'Noturno', 9, 12),
(921, '2018-09-27', 'Marcio, PG', '2018-09-27', 'Noturno', 16, 27),
(73, '2019-07-12', 'RH 1ª Fase', '2019-02-18', 'Noturno', 1, 14),
(74, '2019-12-13', 'RH 2ª Fase', '2019-07-29', 'Noturno', 1, 14),
(75, '2020-07-10', 'RH 3ª Fase', '2020-02-17', 'Noturno', 1, 14),
(76, '2020-12-11', 'RH 4ª Fase', '2020-07-27', 'Noturno', 1, 14),
(77, '2018-12-14', 'PG 4ª Fase', '2018-07-30', 'Noturno', 1, 10),
(78, '2019-07-12', 'PG 1ª Fase', '2019-02-18', 'Noturno', 1, 4),
(79, '2019-12-13', 'PG 2ª Fase', '2019-07-29', 'Noturno', 1, 4),
(80, '2020-07-10', 'PG 3ª Fase', '2020-02-17', 'Noturno', 1, 4),
(81, '2020-12-11', 'PG 4ª Fase', '2020-07-27', 'Noturno', 1, 4),
(82, '2019-12-13', 'RH 1ª Fase', '2019-07-29', 'Noturno', 1, 12),
(83, '2020-07-10', 'RH 2ª Fase', '2020-02-17', 'Noturno', 1, 12),
(84, '2020-12-11', 'RH 3ª Fase', '2020-07-27', 'Noturno', 1, 12),
(85, '2021-07-09', 'RH 4ª Fase', '2021-02-15', 'Noturno', 1, 12),
(86, '2019-12-13', 'PG 1ª Fase', '2019-07-29', 'Noturno', 1, 13),
(87, '2020-07-10', 'PG 2ª Fase', '2020-02-17', 'Noturno', 1, 13),
(88, '2020-12-11', 'PG 3ª Fase', '2020-07-27', 'Noturno', 1, 13),
(89, '2021-07-09', 'PG 4ª Fase', '2021-02-15', 'Noturno', 1, 13),
(90, '2019-12-13', 'ADS 2019/2 Fase 1', '2019-07-29', 'Noturno', 1, 6),
(91, '2020-07-10', 'ADS 2019/2 Fase 2', '2020-02-17', 'Noturno', 1, 6),
(92, '2020-12-11', 'ADS 2019/2 Fase 3', '2020-07-27', 'Noturno', 1, 6),
(93, '2021-07-09', 'ADS 2019/2 Fase 4', '2021-02-15', 'Noturno', 1, 6),
(94, '2021-12-17', 'ADS 2019/2 Fase 5', '2021-07-26', 'Noturno', 1, 6),
(95, '2018-03-23', 'Pós Pessoas', '2018-03-23', 'Noturno', 1, 1),
(96, '2018-03-24', 'Pós Pessoas', '2018-03-24', 'Matutino', 1, 1),
(97, '2018-03-24', 'Pós Pessoa', '2018-03-24', 'Vespertino', 1, 1),
(98, '2018-04-06', 'Pós Pessoa', '2018-04-06', 'Noturno', 1, 1),
(99, '2018-04-07', 'Pós Pessoa', '2018-04-07', 'Vespertino', 1, 1),
(100, '2018-04-07', 'Pós Pessoa', '2018-04-07', 'Matutino', 1, 1),
(101, '2018-04-27', 'Pós Pessoa', '2018-04-27', 'Noturno', 1, 1),
(102, '2018-04-28', 'Pós Pessoa', '2018-04-28', 'Matutino', 1, 1),
(103, '2018-04-28', 'Pós pessoa', '2018-04-28', 'Vespertino', 1, 1),
(104, '2018-05-04', 'Pós Pessoa', '2018-05-04', 'Noturno', 1, 1),
(105, '2018-05-05', 'Pós Pessoa', '2018-05-05', 'Matutino', 1, 1),
(106, '2018-05-05', 'Pós Pessoa', '2018-05-05', 'Vespertino', 1, 1),
(107, '2018-05-18', 'Pós Pessoa', '2018-05-18', 'Noturno', 1, 1),
(108, '2018-05-19', 'Pós Pessoa', '2018-05-19', 'Matutino', 1, 1),
(109, '2018-05-19', 'Pós Pessoa', '2018-05-19', 'Vespertino', 1, 1),
(110, '2018-06-08', 'Pós Pessoa', '2018-06-08', 'Noturno', 1, 1),
(111, '2018-06-09', 'Pós Pessoa', '2018-06-09', 'Vespertino', 1, 1),
(112, '2018-06-15', 'Pós Pessoa', '2018-06-15', 'Noturno', 1, 1),
(113, '2018-06-16', 'Pós Pessoa', '2018-06-16', 'Matutino', 1, 1),
(114, '2018-06-16', 'Pós Pessoa', '2018-06-16', 'Vespertino', 1, 1),
(115, '2018-06-29', 'Pós Pessoa', '2018-06-29', 'Noturno', 1, 1),
(116, '2018-06-30', 'Pós Pessoa', '2018-06-30', 'Matutino', 1, 1),
(117, '2018-06-30', 'Pós Pessoa', '2018-06-30', 'Vespertino', 1, 1),
(118, '2018-07-13', 'Pós Pessoas', '2018-07-13', 'Noturno', 1, 1),
(119, '2018-07-14', 'Pós Pessoas', '2018-07-14', 'Matutino', 1, 1),
(120, '2018-07-14', 'Pós Pessoas', '2018-07-14', 'Vespertino', 1, 1),
(121, '2018-07-27', 'Pós Pessoas', '2018-07-27', 'Noturno', 1, 1),
(122, '2018-07-28', 'Pós Pessoas', '2018-07-28', 'Matutino', 1, 1),
(123, '2018-07-28', 'Pós Pessoas', '2018-07-28', 'Vespertino', 1, 1),
(124, '2018-08-17', 'Pós Pessoas', '2018-08-17', 'Noturno', 1, 1),
(125, '2018-08-18', 'Pós Pessoas', '2018-08-18', 'Matutino', 1, 1),
(126, '2018-08-18', 'Pós Pessoas', '2018-08-18', 'Vespertino', 1, 1),
(127, '2018-08-31', 'Pós Pessoas', '2018-08-31', 'Noturno', 1, 1),
(128, '2018-09-01', 'Pós Pessoas', '2018-09-01', 'Matutino', 1, 1),
(129, '2018-09-01', 'Pós Pessoas', '2018-09-01', 'Vespertino', 1, 1),
(130, '2018-09-14', 'Pós Pessoas', '2018-09-14', 'Noturno', 1, 1),
(131, '2018-09-15', 'Pós Pessoas', '2018-09-15', 'Matutino', 1, 1),
(132, '2018-09-15', 'Pós Pessoas', '2018-09-15', 'Vespertino', 1, 1),
(133, '2018-09-28', 'Pós Pessoas', '2018-09-28', 'Noturno', 1, 1),
(134, '2018-09-29', 'Pós Pessoas', '2018-09-29', 'Matutino', 1, 1),
(135, '2018-09-29', 'Pós Pessoas', '2018-09-29', 'Vespertino', 1, 1),
(136, '2018-10-19', 'Pós Pessoas', '2018-10-19', 'Noturno', 1, 1),
(137, '2018-10-20', 'Pós Pessoas', '2018-10-20', 'Matutino', 1, 1),
(138, '2018-10-20', 'Pós Pessoas', '2018-10-20', 'Vespertino', 1, 1),
(139, '2018-10-26', 'Pós Pessoas', '2018-10-26', 'Noturno', 1, 1),
(140, '2018-10-27', 'Pós Pessoas', '2018-10-27', 'Matutino', 1, 1),
(141, '2018-10-27', 'Pós Pessoas', '2018-10-27', 'Vespertino', 1, 1),
(142, '2018-11-09', 'Pós Pessoas', '2018-11-09', 'Noturno', 1, 1),
(143, '2018-11-10', 'Pós Pessoas', '2018-11-10', 'Matutino', 1, 1),
(144, '2018-11-10', 'Pós Pessoas', '2018-11-10', 'Vespertino', 1, 1),
(145, '2018-11-23', 'Pós Pessoas', '2018-11-23', 'Noturno', 1, 1),
(146, '2018-11-24', 'Pós Pessoas', '2018-11-24', 'Matutino', 1, 1),
(147, '2018-11-24', 'Pós Pessoas', '2018-11-24', 'Vespertino', 1, 1),
(148, '2018-12-07', 'Pós Pessoas', '2018-12-07', 'Noturno', 1, 1),
(149, '2018-12-08', 'Pós Pessoas', '2018-12-08', 'Matutino', 1, 1),
(150, '2018-12-08', 'Pós Pessoas', '2018-12-08', 'Vespertino', 1, 1),
(151, '2018-02-02', 'Pós GP', '2018-02-02', 'Noturno', 1, 2),
(152, '2018-02-03', 'Pós GP', '2018-02-03', 'Matutino', 1, 2),
(153, '2018-02-03', 'Pós GP', '2018-02-03', 'Vespertino', 1, 2),
(154, '2018-02-16', 'Pós GP', '2018-02-16', 'Noturno', 1, 2),
(155, '2018-02-17', 'Pós GP', '2018-02-17', 'Matutino', 1, 2),
(156, '2018-02-17', 'Pós GP', '2018-02-17', 'Vespertino', 1, 2),
(157, '2018-03-02', 'Pós GP', '2018-03-02', 'Noturno', 1, 2),
(158, '2018-03-03', 'Pós GP', '2018-03-03', 'Matutino', 1, 2),
(159, '2018-03-03', 'Pós GP', '2018-03-03', 'Vespertino', 1, 2),
(160, '2018-03-23', 'Pós GP', '2018-03-23', 'Noturno', 1, 2),
(161, '2018-03-24', 'Pós GP', '2018-03-24', 'Matutino', 1, 2),
(162, '2018-03-24', 'Pós GP', '2018-03-24', 'Vespertino', 1, 2),
(163, '2018-04-06', 'Pós GP', '2018-04-06', 'Noturno', 1, 2),
(164, '2018-04-07', 'Pós GP', '2018-04-07', 'Matutino', 1, 2),
(165, '2018-04-07', 'Pós GP', '2018-04-07', 'Vespertino', 1, 2),
(166, '2018-04-27', 'Pós GP', '2018-04-27', 'Noturno', 1, 2),
(167, '2018-04-28', 'Pós GP', '2018-04-28', 'Matutino', 1, 2),
(168, '2018-04-28', 'Pós GP', '2018-04-28', 'Vespertino', 1, 2),
(169, '2018-04-13', 'Pós FC', '2018-04-13', 'Noturno', 4, 9),
(170, '2018-04-14', 'Pós FC', '2018-04-14', 'Matutino', 4, 9),
(171, '2018-04-14', 'Pós FC', '2018-04-14', 'Vespertino', 4, 9),
(172, '2018-04-27', 'Pós FC', '2018-04-27', 'Noturno', 4, 9),
(173, '2018-04-28', '27/04/2018', '2018-04-28', 'Matutino', 4, 9),
(174, '2018-04-28', 'Pós FC', '2018-04-28', 'Vespertino', 4, 9),
(175, '2018-05-04', 'Pós GP', '2018-05-04', 'Noturno', 1, 2),
(176, '2018-05-05', 'Pós GP', '2018-05-05', 'Matutino', 1, 2),
(177, '2018-05-05', 'Pós GP', '2018-05-05', 'Vespertino', 1, 2),
(178, '2018-05-18', 'Pós GP', '2018-05-18', 'Noturno', 1, 2),
(179, '2018-05-19', 'Pós GP', '2018-05-19', 'Matutino', 1, 2),
(180, '2018-05-19', 'Pós GP', '2018-05-19', 'Vespertino', 1, 2),
(181, '2018-06-08', 'Pós GP', '2018-06-08', 'Noturno', 1, 2),
(182, '2018-06-09', 'Pós GP', '2018-06-09', 'Matutino', 1, 2),
(183, '2018-06-09', 'Pós GP', '2018-06-09', 'Vespertino', 1, 2),
(184, '2018-06-15', 'Pós GP', '2018-06-15', 'Noturno', 1, 2),
(185, '2018-06-16', 'Pós GP', '2018-06-16', 'Matutino', 1, 2),
(186, '2018-06-16', 'Pós GP', '2018-06-16', 'Vespertino', 1, 2),
(187, '2018-06-29', 'Pós GP', '2018-06-29', 'Noturno', 1, 2),
(188, '2018-06-30', 'Pós GP', '2018-06-30', 'Matutino', 1, 2),
(189, '2018-06-30', 'Pós GP', '2018-06-30', 'Vespertino', 1, 2),
(190, '2018-07-13', 'Pós GP', '2018-07-13', 'Noturno', 1, 2),
(191, '2018-07-14', 'Pós GP', '2018-07-14', 'Matutino', 1, 2),
(192, '2018-07-14', 'Pós GP', '2018-07-14', 'Vespertino', 1, 2),
(193, '2018-07-27', 'Pós GP', '2018-07-27', 'Noturno', 1, 2),
(194, '2018-07-28', 'Pós GP', '2018-07-28', 'Matutino', 1, 2),
(195, '2018-07-28', 'Pós GP', '2018-07-28', 'Vespertino', 1, 2),
(196, '2018-08-17', 'Pós GP', '2018-08-17', 'Noturno', 1, 2),
(197, '2018-08-18', 'Pós GP', '2018-08-18', 'Matutino', 1, 2),
(198, '2018-08-18', 'Pós GP', '2018-08-18', 'Vespertino', 1, 2),
(199, '2018-08-31', 'Pós GP', '2018-08-31', 'Noturno', 1, 2),
(200, '2018-09-01', 'Pós GP', '2018-09-01', 'Matutino', 1, 2),
(201, '2018-09-01', 'Pós GP', '2018-09-01', 'Vespertino', 1, 2),
(202, '2018-09-14', 'Pós GP', '2018-09-14', 'Noturno', 1, 2),
(203, '2018-09-15', 'Pós GP', '2018-09-15', 'Matutino', 1, 2),
(204, '2018-09-15', 'Pós GP', '2018-09-15', 'Vespertino', 1, 2),
(205, '2018-10-19', 'Pós GP', '2018-10-19', 'Noturno', 1, 2),
(206, '2018-10-20', 'Pós GP', '2018-10-20', 'Matutino', 1, 2),
(207, '2018-10-20', 'Pós GP', '2018-10-20', 'Vespertino', 1, 2),
(208, '2018-09-28', 'Pós GP', '2018-09-28', 'Noturno', 1, 2),
(209, '2018-09-29', 'Pós GP', '2018-09-29', 'Matutino', 1, 2),
(210, '2018-09-29', 'Pós GP', '2018-09-29', 'Vespertino', 1, 2),
(211, '2018-05-11', 'Pós FC', '2018-05-11', 'Noturno', 4, 9),
(212, '2018-10-26', 'Pós GP', '2018-10-26', 'Noturno', 1, 2),
(213, '2018-10-27', 'Pós GP', '2018-10-27', 'Matutino', 1, 2),
(214, '2018-10-27', 'Pós GP', '2018-10-27', 'Vespertino', 1, 2),
(215, '2018-05-12', 'Pós FC', '2018-05-12', 'Matutino', 4, 9),
(216, '2018-11-09', 'Pós GP', '2018-11-09', 'Noturno', 1, 2),
(217, '2018-11-10', 'Pós GP', '2018-11-10', 'Matutino', 1, 2),
(218, '2018-11-10', 'Pós GP', '2018-11-10', 'Vespertino', 1, 2),
(219, '2018-11-23', 'Pós GP', '2018-11-23', 'Noturno', 1, 2),
(220, '2018-11-24', 'Pós GP', '2018-11-24', 'Matutino', 1, 2),
(221, '2018-11-24', 'Pós GP', '2018-11-24', 'Vespertino', 1, 2),
(222, '2018-05-12', 'Pós FC', '2018-05-12', 'Vespertino', 4, 9),
(223, '2018-12-07', 'Pós GP', '2018-12-07', 'Noturno', 1, 2),
(224, '2018-12-08', 'Pós GP', '2018-12-08', 'Matutino', 1, 2),
(225, '2018-12-08', 'Pós GP', '2018-12-08', 'Vespertino', 1, 2),
(226, '2019-02-22', 'Pós GP', '2019-02-22', 'Noturno', 1, 2),
(227, '2019-02-23', 'Pós GP', '2019-02-23', 'Matutino', 1, 2),
(228, '2019-02-23', 'Pós GP', '2019-02-23', 'Vespertino', 1, 2),
(229, '2019-03-08', 'Pós GP', '2019-03-08', 'Noturno', 1, 2),
(230, '2019-03-09', 'Pós GP', '2019-03-09', 'Matutino', 1, 2),
(231, '2019-03-09', 'Pós GP', '2019-03-09', 'Vespertino', 1, 2),
(232, '2019-03-22', 'Pós GP', '2019-03-22', 'Noturno', 1, 2),
(233, '2019-03-23', 'Pós GP', '2019-03-23', 'Vespertino', 1, 2),
(234, '2019-03-23', 'Pós GP', '2019-03-23', 'Matutino', 1, 2),
(235, '2018-05-25', 'Pós FC', '2018-05-25', 'Noturno', 4, 9),
(236, '2019-04-12', 'Pós GP', '2019-04-12', 'Noturno', 1, 2),
(237, '2019-04-13', 'Pós GP', '2019-04-13', 'Matutino', 1, 2),
(238, '2019-04-13', 'Pós GP', '2019-04-13', 'Vespertino', 1, 2),
(239, '2018-05-26', 'Pós FC', '2018-05-26', 'Vespertino', 4, 9),
(240, '2018-05-26', 'Pós FC', '2018-05-26', 'Matutino', 4, 9),
(241, '2018-02-02', 'Pós GEE', '2018-02-02', 'Noturno', 1, 9),
(242, '2018-06-08', 'Pós FC', '2018-06-08', 'Noturno', 4, 9),
(243, '2018-06-09', 'Pós FC', '2018-06-09', 'Matutino', 4, 9),
(244, '2018-02-03', 'Pós GEE', '2018-02-03', 'Matutino', 1, 9),
(245, '2018-06-09', 'Pós FC', '2018-06-09', 'Vespertino', 4, 9),
(246, '2018-02-03', 'Pós GEE', '2018-02-03', 'Vespertino', 1, 9),
(247, '2018-02-16', 'Pós GEE', '2018-02-16', 'Noturno', 1, 9),
(248, '2018-02-17', 'Pós GEE', '2018-02-17', 'Matutino', 1, 9),
(249, '2018-02-17', 'Pós GEE', '2018-02-17', 'Vespertino', 1, 9),
(250, '2018-03-02', 'Pós GEE', '2018-03-02', 'Noturno', 1, 9),
(251, '2018-03-03', 'Pós GEE', '2018-03-03', 'Matutino', 1, 9),
(252, '2018-06-22', 'Pós FC', '2018-06-22', 'Noturno', 4, 9),
(253, '2018-03-03', 'Pós GEE', '2018-03-03', 'Vespertino', 1, 9),
(254, '2018-06-23', 'Pós FC', '2018-06-23', 'Matutino', 4, 9),
(255, '2018-06-23', 'Pós FC', '2018-06-23', 'Vespertino', 4, 9),
(256, '2018-03-23', 'Pós GEE', '2018-03-23', 'Noturno', 1, 9),
(257, '2018-03-24', 'Pós GEE', '2018-03-24', 'Matutino', 1, 9),
(258, '2018-03-24', 'Pós GEE', '2018-03-24', 'Vespertino', 1, 9),
(259, '2018-04-06', 'Pós GEE', '2018-04-06', 'Noturno', 1, 9),
(260, '2018-07-06', 'Pós FC', '2018-07-06', 'Noturno', 4, 9),
(261, '2018-04-07', 'Pós GEE', '2018-04-07', 'Matutino', 1, 9),
(262, '2018-04-07', 'Pós GEE', '2018-04-07', 'Vespertino', 1, 9),
(263, '2018-07-07', 'Pós FC', '2018-07-07', 'Matutino', 4, 9),
(264, '2018-07-07', 'Pós FC', '2018-07-07', 'Vespertino', 4, 9),
(265, '2018-05-04', 'Pós GEE', '2018-05-04', 'Noturno', 1, 9),
(266, '2018-05-05', 'Pós GEE', '2018-05-05', 'Matutino', 1, 9),
(267, '2018-05-05', 'Pós GEE', '2018-05-05', 'Vespertino', 1, 9),
(268, '2018-07-20', 'Pós FC', '2018-07-20', 'Noturno', 4, 9),
(269, '2018-05-18', 'Pós GEE', '2018-05-18', 'Noturno', 1, 9),
(270, '2018-05-19', 'Pós GEE', '2018-05-19', 'Matutino', 1, 9),
(271, '2018-05-19', 'Pós GEE', '2018-05-19', 'Vespertino', 1, 9),
(272, '2018-07-21', 'Pós FC', '2018-07-21', 'Matutino', 4, 1),
(273, '2018-07-21', 'Pós FC', '2018-07-21', 'Vespertino', 4, 9),
(274, '2018-08-03', 'Pós FC', '2018-08-03', 'Noturno', 4, 9),
(275, '2018-06-15', 'Pós GEE', '2018-06-15', 'Noturno', 1, 9),
(276, '2018-06-16', 'Pós GEE', '2018-06-16', 'Matutino', 1, 9),
(277, '2018-06-16', 'Pós GEE', '2018-06-16', 'Vespertino', 1, 9),
(278, '2018-08-04', 'Pós FC', '2018-08-04', 'Matutino', 4, 9),
(279, '2018-08-04', 'Pós FC', '2018-08-04', 'Vespertino', 4, 9),
(280, '2018-06-29', 'Pós GEE', '2018-06-29', 'Noturno', 1, 9),
(281, '2018-08-24', 'Pós FC', '2018-08-24', 'Noturno', 4, 1),
(282, '2018-06-30', 'Pós GEE', '2018-06-30', 'Matutino', 1, 9),
(283, '2018-06-30', 'Pós GEE', '2018-06-30', 'Vespertino', 1, 9),
(284, '2018-07-21', 'Pós FC', '2018-07-21', 'Matutino', 4, 9),
(285, '2018-07-13', 'Pós GEE', '2018-07-13', 'Noturno', 1, 9),
(286, '2018-07-14', 'Pós GEE', '2018-07-14', 'Matutino', 1, 9),
(287, '2018-08-24', 'Pós FC', '2018-08-24', 'Noturno', 4, 9),
(288, '2018-07-14', 'Pós GEE', '2018-07-14', 'Vespertino', 1, 9),
(289, '2018-08-25', 'Pós FC', '2018-08-25', 'Matutino', 4, 9),
(290, '2018-08-25', 'Pós FC', '2018-08-25', 'Vespertino', 4, 9),
(291, '2018-07-27', 'Pós GEE', '2018-07-27', 'Noturno', 1, 9),
(292, '2018-09-14', 'Pós FC', '2018-09-14', 'Noturno', 4, 9),
(293, '2018-07-28', 'Pós GEE', '2018-07-28', 'Vespertino', 1, 9),
(294, '2018-09-15', 'Pós FC', '2018-09-15', 'Matutino', 4, 9),
(295, '2018-09-15', 'Pós FC', '2018-09-15', 'Vespertino', 4, 9),
(296, '2018-07-28', 'Pós GEE', '2018-07-28', 'Matutino', 1, 9),
(301, '2018-08-17', 'Pós GEE', '2018-08-17', 'Noturno', 1, 9),
(298, '2018-08-24', 'Pós FC', '2018-08-24', 'Noturno', 4, 9),
(299, '2018-08-18', 'Pós GEE', '2018-08-18', 'Matutino', 1, 9),
(300, '2018-08-18', 'Pós GEE', '2018-08-18', 'Vespertino', 1, 9),
(302, '2018-08-31', 'Pós GEE', '2018-08-31', 'Noturno', 1, 9),
(303, '2018-09-01', 'Pós GEE', '2018-09-01', 'Matutino', 1, 9),
(304, '2018-09-01', 'Pós GEE', '2018-09-01', 'Vespertino', 1, 9),
(305, '2018-09-28', 'Pós GEE', '2018-09-28', 'Noturno', 1, 9),
(306, '2018-09-29', 'Pós GEE', '2018-09-29', 'Matutino', 1, 9),
(307, '2018-09-21', 'Pós FC', '2018-09-21', 'Noturno', 4, 9),
(308, '2018-09-29', 'Pós GEE', '2018-09-29', 'Vespertino', 1, 9),
(309, '2018-09-22', 'Pós FC', '2018-09-22', 'Matutino', 4, 9),
(310, '2018-09-22', 'Pós FC', '2018-09-22', 'Vespertino', 4, 9),
(311, '2018-10-05', 'Pós FC', '2018-10-05', 'Noturno', 4, 9),
(312, '2018-10-06', 'Pós FC', '2018-10-06', 'Vespertino', 4, 9),
(313, '2018-10-06', 'Pós FC', '2018-10-06', 'Matutino', 4, 9),
(314, '2018-10-26', 'Pós GEE', '2018-10-26', 'Noturno', 1, 9),
(315, '2018-10-27', 'Pós GEE', '2018-10-27', 'Matutino', 1, 9),
(316, '2018-10-27', 'Pós GEE', '2018-10-27', 'Vespertino', 1, 9),
(317, '2018-11-23', 'Pós GEE', '2018-11-23', 'Noturno', 1, 9),
(318, '2018-11-24', 'Pós GEE', '2018-11-24', 'Matutino', 1, 9),
(319, '2018-11-24', 'Pós GEE', '2018-11-24', 'Vespertino', 1, 9),
(320, '2018-12-14', 'Pós FC', '2018-12-14', 'Noturno', 1, 9),
(321, '2018-12-15', 'Pós FC', '2018-12-15', 'Matutino', 1, 9),
(322, '2018-12-15', 'Pós FC', '2018-12-15', 'Vespertino', 1, 9),
(323, '2018-10-19', 'Pós FC', '2018-10-19', 'Noturno', 4, 9),
(324, '2018-10-20', 'Pós FC', '2018-10-20', 'Matutino', 4, 9),
(325, '2018-02-02', 'Pós SI', '2018-02-02', 'Noturno', 1, 5),
(326, '2018-02-03', 'Pós SI', '2018-02-03', 'Matutino', 1, 5),
(327, '2018-02-03', 'Pós SI', '2018-02-03', 'Vespertino', 1, 5),
(328, '2018-10-20', 'Pós FC', '2018-10-20', 'Vespertino', 4, 9),
(329, '2018-11-09', 'Pós FC', '2018-11-09', 'Noturno', 4, 9),
(330, '2018-11-10', 'Pós FC', '2018-11-10', 'Matutino', 4, 9),
(331, '2018-11-10', 'Pós FC', '2018-11-10', 'Vespertino', 4, 9),
(332, '2018-11-30', 'Pós FC', '2018-11-30', 'Noturno', 4, 9),
(333, '2018-02-16', 'Pós SI', '2018-02-16', 'Noturno', 1, 5),
(334, '2018-12-01', 'Pós FC', '2018-12-01', 'Matutino', 4, 9),
(335, '2018-02-17', 'Pós SI', '2018-02-17', 'Matutino', 1, 5),
(336, '2018-12-01', 'Pós FC', '2018-12-01', 'Vespertino', 4, 9),
(337, '2018-02-17', 'Pós SI', '2018-02-17', 'Vespertino', 1, 5),
(338, '2019-02-01', 'Pós FC', '2019-02-01', 'Noturno', 4, 9),
(339, '2018-03-02', 'Pós SI', '2018-03-02', 'Noturno', 1, 20),
(340, '2019-02-02', 'Pós FC', '2019-02-02', 'Matutino', 4, 9),
(341, '2018-03-03', 'Pós SI', '2018-03-03', 'Matutino', 1, 5),
(342, '2019-02-02', 'Pós FC', '2019-02-02', 'Vespertino', 4, 9),
(343, '2018-03-03', 'Pós SI', '2018-03-03', 'Vespertino', 1, 5),
(344, '2018-03-23', 'Pós SI', '2018-03-23', 'Noturno', 1, 20),
(345, '2019-02-15', 'Pós FC', '2019-02-15', 'Noturno', 4, 9),
(346, '2018-03-24', 'Pós SI', '2018-03-24', 'Matutino', 1, 5),
(347, '2018-03-24', 'Pós SI', '2018-03-24', 'Vespertino', 1, 5),
(348, '2019-02-16', 'Pós FC', '2019-02-16', 'Matutino', 4, 9),
(349, '2019-02-16', 'Pós FC', '2019-02-16', 'Vespertino', 4, 9),
(351, '2018-04-07', 'Pós SI', '2018-04-07', 'Matutino', 1, 5),
(352, '2019-03-15', 'Pós FC', '2019-03-15', 'Noturno', 4, 9),
(353, '2018-04-07', 'Pós SI', '2018-04-07', 'Vespertino', 1, 5),
(354, '2019-03-16', 'Pós FC', '2019-03-16', 'Vespertino', 4, 9),
(355, '2019-03-29', 'Pós FC', '2019-03-29', 'Noturno', 4, 9),
(356, '2019-03-30', 'Pós FC', '2019-03-30', 'Matutino', 4, 9),
(357, '2019-03-30', 'Pós FC', '2019-03-30', 'Vespertino', 4, 9),
(358, '2019-03-16', 'Pós FC', '2019-03-16', 'Matutino', 4, 9),
(359, '2019-04-05', 'Pós FC', '2019-04-05', 'Noturno', 4, 9),
(360, '2019-04-06', 'Pós FC', '2019-04-06', 'Matutino', 4, 9),
(361, '2018-04-27', 'Pós SI', '2018-04-27', 'Noturno', 1, 20),
(362, '2019-04-06', 'Pós FC', '2019-04-06', 'Vespertino', 4, 9),
(363, '2018-04-28', 'Pós SI', '2018-04-28', 'Matutino', 1, 5),
(364, '2019-04-26', 'Pós FC', '2019-04-26', 'Noturno', 4, 9),
(365, '2018-04-28', 'Pós SI', '2018-04-28', 'Vespertino', 1, 5),
(366, '2019-04-27', 'Pós FC', '2019-04-27', 'Matutino', 4, 9),
(367, '2018-05-04', 'Pós SI', '2018-05-04', 'Noturno', 1, 20),
(368, '2019-04-27', 'Pós FC', '2019-04-27', 'Vespertino', 4, 9),
(369, '2018-05-05', 'Pós SI', '2018-05-05', 'Matutino', 1, 5),
(370, '2018-05-05', 'Pós SI', '2018-05-05', 'Vespertino', 1, 5),
(371, '2019-05-03', 'Pós FC', '2019-05-03', 'Noturno', 4, 9),
(372, '2019-05-04', 'Pós FC', '2019-05-04', 'Matutino', 4, 9),
(373, '2018-05-18', 'Pós SI', '2018-05-18', 'Noturno', 1, 20),
(374, '2019-05-04', 'Pós FC', '2019-05-04', 'Vespertino', 4, 9),
(375, '2018-05-19', 'Pós SI', '2018-05-19', 'Matutino', 1, 5),
(376, '2018-05-19', 'Pós SI', '2018-05-19', 'Vespertino', 1, 5),
(377, '2019-05-17', 'Pós FC', '2019-05-17', 'Noturno', 4, 9),
(378, '2019-05-18', 'Pós FC', '2019-05-18', 'Matutino', 4, 9),
(379, '2019-05-18', 'Pós FC', '2019-05-18', 'Vespertino', 4, 9),
(380, '2018-06-08', 'Pós SI', '2018-06-08', 'Noturno', 1, 20),
(381, '2018-06-09', 'Pós SI', '2018-06-09', 'Matutino', 1, 5),
(382, '2019-05-31', 'Pós FC', '2019-05-31', 'Noturno', 4, 9),
(383, '2018-06-09', 'Pós SI', '2018-06-09', 'Vespertino', 1, 5),
(384, '2019-06-01', 'Pós FC', '2019-06-01', 'Matutino', 4, 9),
(385, '2019-06-01', 'Pós FC', '2019-06-01', 'Vespertino', 4, 9),
(386, '2018-06-15', 'Pós SI', '2018-06-15', 'Noturno', 1, 20),
(387, '2018-06-16', 'Pós SI', '2018-06-16', 'Matutino', 1, 5),
(388, '2019-06-14', 'Pós FC', '2019-06-14', 'Noturno', 4, 9),
(389, '2018-06-16', 'Pós SI', '2018-06-16', 'Vespertino', 1, 5),
(390, '2019-06-15', 'Pós FC', '2019-06-15', 'Matutino', 4, 9),
(391, '2019-06-15', 'Pós FC', '2019-06-15', 'Vespertino', 4, 9),
(392, '2018-06-29', 'Pós SI', '2018-06-29', 'Noturno', 1, 20),
(393, '2019-06-28', 'Pós FC', '2019-06-28', 'Noturno', 4, 9),
(394, '2018-06-30', 'Pós SI', '2018-06-30', 'Matutino', 1, 5),
(395, '2019-06-29', 'Pós FC', '2019-06-29', 'Matutino', 4, 9),
(396, '2018-06-30', 'Pós SI', '2018-06-30', 'Vespertino', 1, 5),
(397, '2019-06-29', 'Pós FC', '2019-06-29', 'Vespertino', 4, 9),
(398, '2019-07-12', 'Pós FC', '2019-07-12', 'Noturno', 4, 9),
(399, '2019-07-13', 'Pós FC', '2019-07-13', 'Vespertino', 4, 9),
(400, '2018-07-13', 'Pós SI', '2018-07-13', 'Noturno', 1, 5),
(401, '2019-07-13', 'Pós FC', '2019-07-13', 'Matutino', 4, 9),
(402, '2018-07-14', 'Pós SI', '2018-07-14', 'Matutino', 1, 5),
(403, '2019-07-26', 'Pós FC', '2019-07-26', 'Noturno', 4, 9),
(404, '2018-07-14', 'Pós SI', '2018-07-14', 'Vespertino', 1, 5),
(405, '2019-07-27', 'Pós FC', '2019-07-27', 'Matutino', 4, 9),
(406, '2019-07-27', 'Pós FC', '2019-07-27', 'Vespertino', 4, 9),
(407, '2018-07-27', 'Pós SI', '2018-07-27', 'Noturno', 1, 5),
(408, '2018-07-28', 'Pós SI', '2018-07-28', 'Matutino', 1, 5),
(409, '2019-08-09', 'Pós FC', '2019-08-09', 'Noturno', 4, 9),
(410, '2018-07-28', 'Pós SI', '2018-07-28', 'Vespertino', 1, 5),
(411, '2019-08-10', 'Pós FC', '2019-08-10', 'Matutino', 4, 9),
(412, '2019-08-10', 'Pós FC', '2019-08-10', 'Vespertino', 4, 9),
(413, '2018-08-17', 'Pós SI', '2018-08-17', 'Noturno', 1, 5),
(414, '2019-08-23', 'Pós FC', '2019-08-23', 'Noturno', 4, 9),
(415, '2018-08-18', 'Pós SI', '2018-08-18', 'Matutino', 1, 5),
(416, '2018-08-18', 'Pós SI', '2018-08-18', 'Vespertino', 1, 5),
(417, '2019-08-24', 'Pós FC', '2019-08-24', 'Matutino', 4, 9),
(418, '2019-08-24', 'Pós FC', '2019-08-24', 'Vespertino', 4, 9),
(419, '2018-08-31', 'Pós SI', '2018-08-31', 'Noturno', 1, 5),
(420, '2018-09-01', 'Pós SI', '2018-09-01', 'Matutino', 1, 5),
(421, '2018-09-01', 'Pós SI', '2018-09-01', 'Vespertino', 1, 5),
(422, '2018-09-14', 'Pós SI', '2018-09-14', 'Noturno', 1, 5),
(423, '2018-09-15', 'Pós SI', '2018-09-15', 'Matutino', 1, 5),
(424, '2018-09-15', 'Pós SI', '2018-09-15', 'Vespertino', 1, 5),
(425, '2018-09-28', 'Pós SI', '2018-09-28', 'Noturno', 1, 5),
(426, '2018-09-29', 'Pós SI', '2018-09-29', 'Matutino', 1, 5),
(427, '2018-09-29', 'Pós SI', '2018-09-29', 'Vespertino', 1, 5),
(428, '2018-10-19', 'Pós SI', '2018-10-19', 'Noturno', 1, 5),
(429, '2018-10-20', 'Pós SI', '2018-10-20', 'Matutino', 1, 5),
(430, '2018-10-20', 'Pós SI', '2018-10-20', 'Vespertino', 1, 5),
(431, '2018-10-26', 'Pós SI', '2018-10-26', 'Noturno', 1, 5),
(432, '2018-10-27', 'Pós SI', '2018-10-27', 'Matutino', 1, 5),
(433, '2018-10-27', 'Pós SI', '2018-10-27', 'Vespertino', 1, 5),
(434, '2018-11-09', 'Pós SI', '2018-11-09', 'Noturno', 1, 5),
(435, '2018-11-10', 'Pós SI', '2018-11-10', 'Matutino', 1, 5),
(436, '2018-11-10', 'Pós SI', '2018-11-10', 'Vespertino', 1, 5),
(437, '2019-02-22', 'Pós SI', '2019-02-22', 'Noturno', 4, 5),
(438, '2018-11-23', 'Pós SI', '2018-11-23', 'Noturno', 1, 5),
(439, '2018-11-24', 'Pós SI', '2018-11-24', 'Matutino', 1, 5),
(440, '2019-02-23', 'Pós SI', '2019-02-23', 'Matutino', 4, 5),
(441, '2018-11-24', 'Pós SI', '2018-11-24', 'Vespertino', 1, 5),
(442, '2019-02-23', 'Pós SI', '2019-02-23', 'Vespertino', 4, 5),
(443, '2019-03-08', 'Pós SI', '2019-03-08', 'Noturno', 4, 5),
(444, '2018-12-07', 'Pós SI', '2018-12-07', 'Noturno', 1, 5),
(445, '2018-12-08', 'Pós SI', '2018-12-08', 'Matutino', 1, 5),
(446, '2019-03-09', 'Pós SI', '2019-03-09', 'Matutino', 4, 5),
(447, '2018-12-08', 'Pós SI', '2018-12-08', 'Vespertino', 1, 5),
(448, '2019-03-09', 'Pós SI', '2019-03-09', 'Vespertino', 4, 5),
(449, '2019-03-22', 'Pós SI', '2019-03-22', 'Noturno', 4, 5),
(450, '2019-02-08', 'Pós SI', '2019-02-08', 'Noturno', 1, 5),
(451, '2019-03-23', 'Pós SI', '2019-03-23', 'Matutino', 4, 5),
(452, '2019-02-09', 'Pós SI', '2019-02-09', 'Matutino', 1, 5),
(453, '2019-03-23', 'Pós SI', '2019-03-23', 'Vespertino', 4, 5),
(454, '2019-02-09', 'Pós SI', '2019-02-09', 'Vespertino', 1, 5),
(455, '2019-04-12', 'Pós SI', '2019-04-12', 'Noturno', 4, 5),
(456, '2019-04-13', 'Pós SI', '2019-04-13', 'Matutino', 4, 5),
(457, '2019-04-13', 'Pós SI', '2019-04-13', 'Vespertino', 4, 5),
(458, '2018-03-10', 'Excel', '2018-01-20', 'Matutino', 6, 18),
(459, '2018-01-29', 'Capacitação EaD Pedagogos', '2018-01-29', 'Matutino', 6, 18),
(460, '2018-01-29', 'Capacitação Pedagogos', '2018-01-29', 'Vespertino', 6, 18),
(461, '2018-02-02', 'Pós Projetos - Professora Camila', '2018-02-02', 'Noturno', 5, 3),
(462, '2018-02-03', 'Pós Projetos - Professora Camila', '2018-02-03', 'Matutino', 5, 3),
(463, '2018-02-03', 'Pós Projetos - Professora Camila', '2018-02-03', 'Vespertino', 5, 3),
(464, '2018-02-22', 'TE 02', '2018-02-22', 'Noturno', 1, 7),
(465, '2018-03-09', 'TE 02', '2018-03-09', 'Noturno', 1, 7),
(466, '2018-03-13', 'TE 02', '2018-03-13', 'Noturno', 9, 7),
(467, '2018-02-08', 'Reunião com o dr para planejamento da criação do coworking na unidade', '2018-02-08', 'Matutino', 4, 1),
(468, '2018-02-09', 'teste', '2018-02-09', 'Matutino', 4, 25),
(472, '2018-02-21', 'Maquiador', '2018-02-21', 'Vespertino', 1, 18),
(470, '2018-02-19', 'aula aprendizagem - aloisio', '2018-02-19', 'Vespertino', 8, 18),
(471, '2018-02-19', 'Médio Técnico', '2018-02-19', 'Vespertino', 11, 6),
(473, '2018-02-22', 'Médio', '2018-02-22', 'Matutino', 11, 6),
(500, '2018-04-04', 'Aula Profº Demis', '2018-04-04', 'Noturno', 12, 20),
(475, '2018-03-08', 'Mara - 3ª fase PG', '2018-03-08', 'Noturno', 6, 20),
(476, '2018-02-28', '110', '2018-02-28', 'Vespertino', 6, 18),
(477, '2018-02-26', 'TE02', '2018-02-26', 'Noturno', 9, 7),
(478, '2018-03-01', 'TE04 - Maria José', '2018-03-01', 'Noturno', 9, 7),
(479, '2018-02-28', 'Médio', '2018-02-28', 'Matutino', 11, 17),
(480, '2018-03-07', 'Médio', '2018-03-07', 'Matutino', 11, 17),
(481, '2018-03-02', '114', '2018-03-02', 'Noturno', 12, 7),
(482, '2018-03-05', 'Professora Renata ADS 3ª Fase', '2018-03-05', 'Noturno', 1, 20),
(483, '2018-03-10', 'Capacitação EaD Professores', '2018-03-10', 'Matutino', 12, 3),
(484, '2018-03-15', 'Médio', '2018-03-15', 'Matutino', 11, 17),
(485, '2018-03-15', 'Médio', '2018-03-15', 'Matutino', 11, 20),
(486, '2018-03-15', 'Palestra', '2018-03-15', 'Noturno', 13, 26),
(492, '2018-03-19', 'PROF. SIMONE JOVEM APRENDIZ', '2018-03-19', 'Vespertino', 17, 27),
(490, '2018-03-21', 'Encontro Pedagógico de Enfermagem', '2018-03-21', 'Matutino', 1, 1),
(493, '2018-03-20', 'Reunião - Apresentação projeto Ensino Médio', '2018-03-20', 'Vespertino', 16, 1),
(494, '2018-03-20', 'Reunião - Apresentação projeto Ensino Médio', '2018-03-20', 'Noturno', 16, 1),
(495, '2018-03-21', 'Evento MBA', '2018-03-21', 'Noturno', 6, 1),
(496, '2018-04-27', 'Curso da CIPA gestão 2018/2019', '2018-04-23', 'Vespertino', 6, 1),
(497, '2018-03-21', 'Aula de Fundamentos da Pesquisa - ADS/PG', '2018-03-21', 'Noturno', 12, 26),
(498, '2018-03-22', 'TE 03', '2018-03-22', 'Noturno', 9, 7),
(499, '2018-05-11', 'Semana da enfermagem', '2018-05-09', 'Noturno', 9, 26),
(501, '2018-03-27', 'TE 03', '2018-03-27', 'Noturno', 9, 7),
(502, '2018-04-02', 'ADS -Renata 3 fase', '2018-04-02', 'Noturno', 1, 20),
(503, '2018-12-13', 'JA 2018.0779.001', '2018-07-24', 'Matutino', 8, 12),
(504, '2018-03-29', 'JA 2018.0779.003', '2018-03-19', 'Vespertino', 8, 4),
(505, '2018-07-13', 'JA 2018.0779.003', '2018-04-02', 'Vespertino', 8, 4),
(506, '2018-12-12', 'JA 2018.0779.003', '2018-07-23', 'Vespertino', 8, 4),
(507, '2019-06-24', 'JA 2018.0779.003', '2019-01-28', 'Vespertino', 8, 4),
(510, '2018-04-02', 'Reunião Comitê Estratégico ', '2018-04-02', 'Matutino', 1, 1),
(511, '2018-04-02', 'Reunião Comitê Estratégico ', '2018-04-02', 'Vespertino', 1, 1),
(512, '2018-04-05', 'Médio Integrado Workshop', '2018-04-05', 'Vespertino', 11, 20),
(513, '2018-04-14', 'Formatura Socorrista', '2018-04-14', 'Noturno', 9, 26),
(514, '2018-04-05', 'TE 04', '2018-04-03', 'Noturno', 9, 26),
(515, '2018-04-03', 'PG - 3ª Fase - Mara', '2018-04-03', 'Noturno', 12, 15),
(516, '2018-04-10', 'PG - 3ª Fase - Mara', '2018-04-10', 'Noturno', 12, 15),
(517, '2018-03-29', 'Médio Integrado', '2018-03-29', 'Matutino', 11, 5),
(518, '2018-03-28', 'JA 2017.0779.001', '2018-03-28', 'Vespertino', 8, 20),
(519, '2018-03-28', 'JA 2016.0779.004', '2018-03-28', 'Vespertino', 8, 3),
(520, '2018-04-18', 'TE 4', '2018-04-04', 'Noturno', 9, 7),
(521, '2018-04-18', 'TE04', '2018-04-04', 'Noturno', 9, 8),
(522, '2018-04-05', 'Médio Integrado', '2018-04-05', 'Matutino', 11, 17),
(523, '2018-09-06', 'Cabeleireiro 2018.0736.001', '2018-04-02', 'Matutino', 6, 2),
(524, '2018-12-20', 'Design de Interiores 2018.0147.001', '2018-07-23', 'Noturno', 6, 18),
(525, '2018-04-02', 'Aula com a professora Maricel, turma de RH', '2018-04-02', 'Noturno', 16, 27),
(526, '2018-04-07', 'Conselho de Classe ADS - 2018.0519.001 (1ª fase) / 2018.0520.001 (2ª fase) / 2017.0521.001 (3ª fase).', '2018-04-07', 'Matutino', 18, 25),
(527, '2018-04-03', 'Professora Lucineia - Jovem Aprendiz', '2018-04-03', 'Vespertino', 17, 27),
(528, '2018-04-03', 'TIP - 2017.0911.001', '2018-04-03', 'Noturno', 6, 27),
(529, '2018-04-04', 'Cabeleireiro 2018.0736.001', '2018-04-04', 'Matutino', 6, 20),
(530, '2018-04-05', 'Cabeleireiro 2018.0736.001', '2018-04-05', 'Matutino', 6, 3),
(531, '2018-04-09', 'Cabeleireiro 2018.0736.001', '2018-04-09', 'Matutino', 6, 3),
(532, '2018-04-12', 'Cabeleireiro 2018.0736.001', '2018-04-11', 'Matutino', 6, 20),
(533, '2018-04-16', 'Cabeleireiro 2018.0736.001', '2018-04-16', 'Matutino', 6, 3),
(534, '2018-04-17', 'Cabeleireiro 2018.0736.001', '2018-04-17', 'Matutino', 6, 3),
(535, '2018-05-04', 'Cabeleireiro 2018.0736.001', '2018-05-04', 'Matutino', 6, 3),
(536, '2018-05-10', 'Cabeleireiro 2018.0736.001', '2018-05-08', 'Matutino', 6, 3),
(537, '2018-05-11', 'Cabeleireiro 2018.0736.001', '2018-05-11', 'Matutino', 6, 20),
(538, '2018-05-14', 'Cabeleireiro 2018.0736.001', '2018-05-14', 'Matutino', 6, 3),
(539, '2018-05-15', 'Cabeleireiro 2018.0736.001', '2018-05-15', 'Matutino', 6, 20),
(540, '2018-04-13', 'Cabeleireiro 2018.0736.001', '2018-04-13', 'Matutino', 6, 8),
(541, '2018-04-10', 'Aula com a professora Maricel, turma de RH', '2018-04-10', 'Noturno', 16, 27),
(542, '2018-04-04', 'Reunião sobre pesquisa e projeto de revitalização', '2018-04-04', 'Vespertino', 16, 1),
(543, '2018-04-05', 'Reunião: Investimentos em reformas na unidade', '2018-04-05', 'Matutino', 16, 1),
(544, '2018-04-04', 'Professora Maricel', '2018-04-04', 'Noturno', 17, 27),
(545, '2018-04-05', 'Taisa , jovem Aprendiz', '2018-04-05', 'Vespertino', 17, 27),
(546, '2018-04-05', 'Camila, PG 1° fase', '2018-04-05', 'Noturno', 17, 27),
(547, '2018-04-11', 'Maricel, turmas de PG e ADS', '2018-04-11', 'Noturno', 16, 27),
(548, '2018-04-16', 'Abertura de turma da aprendizagem - 80 pessoas - 2018.0779.004', '2018-04-16', 'Vespertino', 8, 26),
(549, '2018-04-13', 'formatura da aprendizagem - 2016.0779.003', '2018-04-13', 'Vespertino', 8, 26),
(550, '2018-04-09', 'Taísa, turma RH', '2018-04-09', 'Noturno', 16, 27),
(551, '2018-04-16', 'Renata, ADS, 3 fase.', '2018-04-16', 'Noturno', 16, 27),
(552, '2018-04-16', 'ADS - Prof Renata', '2018-04-16', 'Noturno', 4, 20),
(553, '2018-04-11', 'Médio', '2018-04-11', 'Matutino', 11, 17),
(554, '2018-07-16', 'Técnico em Design de Interiores 2018.0147.001', '2018-03-19', 'Noturno', 6, 19),
(555, '2018-08-02', 'Técnico em Design de Interiores 2018.0147.001', '2018-07-30', 'Noturno', 6, 19),
(556, '2018-04-19', 'Aula 4ª Fase de RH - Bianca ', '2018-04-19', 'Noturno', 12, 20),
(557, '2018-04-11', 'Cabelo', '2018-04-11', 'Matutino', 11, 3),
(558, '2018-04-13', 'Aula 4ª RH - Prof Cesar', '2018-04-13', 'Noturno', 12, 20),
(559, '2018-04-19', 'Adriana Turma 03 T.E.', '2018-04-19', 'Noturno', 6, 7),
(560, '2018-04-12', 'Camila, turma PG', '2018-04-12', 'Noturno', 16, 27),
(563, '2018-04-16', 'Reunião Intelbras', '2018-04-16', 'Matutino', 4, 25),
(562, '2018-04-16', 'Reunião Intelbras', '2018-04-16', 'Vespertino', 4, 25),
(564, '2018-04-19', 'Aula J. A. - Jaime', '2018-04-18', 'Vespertino', 12, 3),
(565, '2018-05-30', 'Maquiador', '2017-10-23', 'Vespertino', 6, 24),
(566, '2018-04-26', 'Workshop Cílios ', '2018-04-18', 'Noturno', 6, 23),
(567, '2018-05-04', 'Design de Sobrancelhas 2018.0338.001', '2018-04-06', 'Noturno', 6, 24),
(568, '2018-04-20', 'TE03', '2018-04-20', 'Noturno', 9, 7),
(569, '2018-04-17', 'Mara, PG 3 fase', '2018-04-17', 'Noturno', 16, 27),
(570, '2018-05-15', 'Mara. PG, 3 fase', '2018-05-15', 'Noturno', 16, 27),
(571, '2018-04-23', 'Taísa, RH 3 fase', '2018-04-23', 'Noturno', 16, 27),
(572, '2018-04-17', 'turma 2017.0779.002 (Jaime)', '2018-04-17', 'Vespertino', 6, 3),
(573, '2018-04-17', ' Prof Aloísio JA', '2018-04-17', 'Vespertino', 1, 18),
(574, '2018-04-17', ' prof Aloísio JA', '2018-04-17', 'Vespertino', 1, 6),
(575, '2018-04-17', 'Professora Simone, Jovem Aprendiz', '2018-04-17', 'Vespertino', 17, 27),
(576, '2018-04-17', 'Palestra Inovação Thiago', '2018-04-17', 'Noturno', 4, 20),
(577, '2018-04-18', '1ª Fase PG e ADS - maricel', '2018-04-18', 'Noturno', 12, 20),
(581, '2018-04-19', 'J. A. prof Simone', '2018-04-19', 'Vespertino', 12, 6),
(582, '2018-04-30', 'Concurso cervejeiro', '2018-04-20', 'Matutino', 13, 15),
(583, '2018-04-30', 'Concurso cervejeiro', '2018-04-20', 'Vespertino', 13, 15),
(584, '2018-04-30', 'Concurso cervejeiro', '2018-04-20', 'Noturno', 13, 15),
(585, '2018-04-25', 'SESC', '2018-04-25', 'Matutino', 6, 1),
(586, '2018-04-20', 'ADS 3 fase ', '2018-04-20', 'Noturno', 12, 5),
(587, '2018-04-20', 'Déris, PG', '2018-04-20', 'Noturno', 16, 27),
(588, '2018-04-25', 'turma 2017.0779.001 - Jaime', '2018-04-25', 'Vespertino', 8, 20),
(589, '2018-04-26', '2017.0779.002 - Jaime', '2018-04-26', 'Vespertino', 8, 3),
(590, '2018-04-25', 'CIPA', '2018-04-25', 'Vespertino', 6, 2),
(591, '2018-05-02', 'CIPA', '2018-05-02', 'Vespertino', 6, 2),
(592, '2018-05-02', 'Curso CIPA', '2018-05-02', 'Vespertino', 6, 1),
(593, '2018-09-06', 'Cabeleireiro 2018.0736.001', '2018-04-02', 'Matutino', 6, 24),
(594, '2018-04-25', 'Cabelereiro', '2018-04-25', 'Matutino', 4, 3),
(595, '2018-04-26', 'Workshop Beleza', '2018-04-26', 'Noturno', 6, 26),
(596, '2018-05-10', 'Reunião Instância de Governança Turística da Grande Florianópolis', '2018-05-10', 'Matutino', 13, 1),
(597, '2018-05-10', 'Reunião Instância de Governança Turística da Grande Florianópolis', '2018-05-10', 'Vespertino', 13, 1),
(598, '2018-04-26', 'Workshop Cílios', '2018-04-26', 'Noturno', 6, 1),
(599, '2018-05-21', 'TE04', '2018-05-21', 'Noturno', 9, 26),
(600, '2018-04-26', 'Camila, PG, 1 fase', '2018-04-26', 'Noturno', 16, 27),
(601, '2018-04-26', 'Reunião Startup Weekend', '2018-04-26', 'Noturno', 4, 20),
(602, '2018-04-27', 'ENSINO MÉDIO', '2018-04-27', 'Matutino', 17, 27),
(603, '2018-04-27', 'Jovem Aprendiz.\r\nProfessora Simone', '2018-04-27', 'Vespertino', 17, 27),
(604, '2018-04-27', 'Auditório - Palestra Cervejeiros', '2018-04-27', 'Noturno', 1, 26),
(605, '2018-04-30', 'Prof Deris 3ª fase de Rh', '2018-04-30', 'Noturno', 5, 20),
(606, '2018-05-02', 'Prof Gil turma Imagem Pessoal', '2018-05-02', 'Noturno', 5, 27),
(607, '2018-08-14', 'Micropigmentação 2018.0376.001', '2018-05-08', 'Matutino', 6, 23),
(608, '2018-05-02', '2017.0779.001', '2018-05-02', 'Vespertino', 8, 3),
(609, '2018-05-04', 'Pablo irá fazer manutenção na sala.', '2018-05-04', 'Matutino', 8, 17),
(610, '2018-05-04', 'Pablo irá fazer manutenção na sala.', '2018-05-04', 'Vespertino', 8, 17),
(611, '2018-05-03', '2017.0779.002 - PI - Aloisio', '2018-05-03', 'Vespertino', 8, 18),
(612, '2018-05-03', '2017.0779.002 - PI - Aloisio', '2018-05-03', 'Vespertino', 8, 6),
(613, '2018-05-03', 'Médio', '2018-05-03', 'Vespertino', 11, 20),
(614, '2018-05-04', 'Pós Segurança', '2018-05-04', 'Noturno', 5, 5),
(615, '2018-05-07', 'TIP Mód4', '2018-05-07', 'Noturno', 6, 1),
(616, '2018-05-29', 'Micropigmentação 2018.0376.001 ANDRIELE', '2018-05-08', 'Matutino', 6, 1),
(617, '2018-05-04', '2017.0779.001 - JAIME', '2018-05-04', 'Vespertino', 8, 20),
(618, '2018-05-07', '2017.0779.001 - Taisa', '2018-05-07', 'Vespertino', 8, 3),
(620, '2018-05-09', 'Processo de Recrutamento e Seleção 133/2018 - 14:00 hs as 15:30hs', '2018-05-09', 'Vespertino', 14, 9),
(621, '2018-05-04', 'Prof. Deris', '2018-05-04', 'Noturno', 5, 27),
(622, '2018-05-07', '2018.0779.004 - LUCINEA', '2018-05-07', 'Vespertino', 8, 18),
(623, '2018-05-07', '2018.0779.004 - LUCINEA', '2018-05-07', 'Vespertino', 8, 6),
(627, '2018-05-10', 'Capacitação CIPA', '2018-05-10', 'Matutino', 4, 13),
(626, '2018-05-14', 'Curso CIPA', '2018-05-14', 'Vespertino', 12, 1),
(628, '2018-05-10', 'Capacitação CIPA', '2018-05-10', 'Vespertino', 4, 13),
(629, '2018-05-14', 'Capacitação CIPA', '2018-05-14', 'Matutino', 4, 13),
(630, '2018-05-14', 'Capacitação CIPA', '2018-05-14', 'Vespertino', 4, 13),
(631, '2018-05-09', '2018.0779.004', '2018-05-09', 'Vespertino', 8, 18),
(632, '2018-05-09', '2018.0779.004', '2018-05-09', 'Vespertino', 8, 6),
(633, '2018-05-23', 'Reunião do Sindicato dos Auxiliares da Administração Escolar da Grande Florianópolis \r\n\r\nHorário : 13:30', '2018-05-23', 'Vespertino', 14, 1),
(634, '2018-05-09', 'Arthur, RH.', '2018-05-09', 'Noturno', 16, 27),
(635, '2018-05-09', 'ADS', '2018-05-09', 'Noturno', 9, 20),
(636, '2018-05-11', 'Pós Finanças', '2018-05-11', 'Noturno', 5, 2),
(637, '2018-05-12', 'Pós Finanças', '2018-05-12', 'Matutino', 5, 2),
(638, '2018-05-10', 'Planejamento Técnico em Enfermagem - 2018.0023.002\r\n', '2018-05-10', 'Noturno', 12, 25),
(639, '2018-05-10', 'Prof Deris', '2018-05-10', 'Noturno', 5, 20),
(640, '2018-05-11', 'Prof Deris', '2018-05-11', 'Noturno', 5, 5),
(641, '2018-05-21', 'Apresentação relatório TE04', '2018-05-21', 'Noturno', 9, 20),
(642, '2018-12-14', 'Técnico em Enfermagem - TE05N', '2018-05-14', 'Noturno', 9, 12),
(643, '2018-07-14', 'Curso do Novos Caminhos', '2018-07-07', 'Matutino', 4, 17),
(644, '2018-05-11', 'Camila, RH, 3ª', '2018-05-11', 'Noturno', 16, 27),
(645, '2018-05-15', 'Professora Simone, Jovem Aprendiz', '2018-05-15', 'Matutino', 17, 27),
(646, '2018-05-15', '2018.0779.002', '2018-05-15', 'Vespertino', 8, 18),
(647, '2018-05-15', '2018.0779.002 - aloisio', '2018-05-15', 'Vespertino', 8, 6),
(648, '2018-05-15', 'Palestra com Renata', '2018-05-15', 'Noturno', 12, 1),
(649, '2018-05-16', '2018.0779.003\r\n', '2018-05-16', 'Vespertino', 8, 18),
(650, '2018-05-16', '2018.0779.003', '2018-05-16', 'Vespertino', 8, 6),
(651, '2018-05-16', '2017.0779.001', '2018-05-16', 'Vespertino', 8, 3),
(652, '2018-05-17', 'apresentação do Projeto Integrador - 2017.0779.001', '2018-05-17', 'Vespertino', 8, 26),
(653, '2018-05-15', 'Conselho de Classe Enfermagem 1', '2018-05-15', 'Noturno', 12, 25),
(654, '2018-05-17', 'Aula Bianca 4ª Fase de RH', '2018-05-17', 'Noturno', 12, 20),
(655, '2018-06-08', 'entrega de certificados', '2018-06-08', 'Vespertino', 8, 26),
(656, '2018-05-18', 'Evento Intelbras', '2018-05-18', 'Matutino', 4, 18),
(657, '2018-05-18', 'Evento Intelbras', '2018-05-18', 'Vespertino', 4, 18),
(658, '2018-05-19', 'Evento Intelbras.', '2018-05-19', 'Matutino', 4, 18),
(659, '2018-05-19', 'Evento Intelbras.', '2018-05-19', 'Vespertino', 4, 18),
(660, '2018-05-18', 'Evento Intelbras.', '2018-05-18', 'Matutino', 4, 22),
(661, '2018-05-18', 'Evento Intelbras.', '2018-05-18', 'Vespertino', 4, 22),
(662, '2018-05-19', 'Evento Intelbras.', '2018-05-19', 'Matutino', 4, 22),
(663, '2018-05-19', 'Evento Intelbras.', '2018-05-19', 'Vespertino', 4, 22),
(664, '2018-05-18', 'Evento Intelbras.', '2018-05-18', 'Matutino', 4, 15),
(665, '2018-05-18', 'Evento Intelbras.', '2018-05-18', 'Vespertino', 4, 15),
(666, '2018-05-19', 'Evento Intelbras.', '2018-05-19', 'Matutino', 4, 15),
(667, '2018-05-19', 'Evento Intelbras.', '2018-05-19', 'Vespertino', 4, 15),
(668, '2018-05-19', 'Evento Intelbras.', '2018-05-19', 'Matutino', 4, 16),
(669, '2018-05-19', 'Evento Intelbras.', '2018-05-19', 'Vespertino', 4, 16),
(670, '2018-05-18', 'Evento Intelbras.', '2018-05-18', 'Matutino', 4, 16),
(671, '2018-05-18', 'Evento Intelbras.', '2018-05-18', 'Vespertino', 4, 16),
(672, '2018-05-16', 'SIMONE APRENDIZAGEM', '2018-05-16', 'Vespertino', 17, 27),
(673, '2018-05-16', 'Márcio 3 pg', '2018-05-16', 'Noturno', 23, 20),
(674, '2018-05-16', 'Demis, PG, 1ª fase', '2018-05-16', 'Noturno', 16, 27),
(675, '2018-05-22', 'Renata, turma de design.', '2018-05-22', 'Noturno', 16, 27),
(676, '2018-05-17', 'Camila, turma RH', '2018-05-17', 'Noturno', 16, 27),
(677, '2018-05-18', '2017.0779.002', '2018-05-18', 'Vespertino', 8, 20),
(678, '2018-05-21', '2018.0779.003 THAYS', '2018-05-21', 'Vespertino', 8, 3),
(679, '2018-05-22', 'Médio', '2018-05-22', 'Noturno', 11, 26),
(680, '2018-06-13', '2018.0779.003', '2018-06-13', 'Vespertino', 8, 18),
(681, '2018-06-13', '2018.0779.003', '2018-06-13', 'Vespertino', 8, 6),
(682, '2018-05-21', 'Taisa, PG, 1fase', '2018-05-21', 'Noturno', 16, 27),
(683, '2018-05-22', 'Simone, turma Aprendizagem', '2018-05-22', 'Vespertino', 16, 27),
(684, '2018-05-25', 'Café Mensal', '2018-05-25', 'Vespertino', 12, 1),
(685, '2018-08-18', 'Autocad 2D - Sábados', '2018-06-16', 'Matutino', 4, 18),
(687, '2018-06-06', 'Aula Adriana - Enf. 5', '2018-06-06', 'Noturno', 12, 8),
(688, '2018-05-31', 'Jovens 002', '2018-05-24', 'Vespertino', 11, 3),
(689, '2018-12-13', 'Formatura Fundação Hermon', '2018-12-13', 'Matutino', 13, 26),
(690, '2018-12-13', 'Formatura Fundação Hermon', '2018-12-13', 'Vespertino', 13, 26),
(691, '2018-12-13', 'Formatura Fundação Hermon', '2018-12-13', 'Noturno', 13, 26),
(692, '2018-06-19', 'Capacitação DRH para o NAF (Wagner, Ismael e Thayse)', '2018-06-19', 'Matutino', 13, 1),
(693, '2018-06-19', 'Capacitação DRH para o NAF (Wagner, Ismael e Thayse)', '2018-06-19', 'Vespertino', 13, 1),
(694, '2018-05-29', 'Apresentação AC - Profº Carlos', '2018-05-29', 'Noturno', 12, 1),
(695, '2018-05-26', 'Pós em Marketing - Carlei', '2018-05-25', 'Noturno', 12, 1),
(696, '2018-05-26', 'Pós em Finanças', '2018-05-25', 'Noturno', 12, 2),
(697, '2018-05-26', 'Pós em Marketing - Carlei', '2018-05-26', 'Matutino', 12, 3),
(698, '2018-05-26', 'Pós em Marketing - Carlei', '2018-05-26', 'Vespertino', 12, 3),
(699, '2018-06-01', 'Deris, PG 1ªfase', '2018-06-01', 'Noturno', 16, 27),
(700, '2018-06-05', 'Apresentação AC - profº Carlos', '2018-06-05', 'Noturno', 12, 1),
(701, '2018-06-05', '2017.0779.002', '2018-06-05', 'Vespertino', 8, 18),
(702, '2018-06-05', '2017.0779.002', '2018-06-05', 'Vespertino', 8, 6),
(703, '2018-06-07', 'PROCESSO DE RECRUTAMENTO E  Nº 283/2018 - Assistente de Suporte em TI\r\n\r\nHorário :15 as 16 hs\r\n', '2018-06-07', 'Vespertino', 14, 1),
(704, '2018-06-05', 'Biblioteca, PG', '2018-06-05', 'Noturno', 16, 27),
(705, '2018-07-11', 'FORMATURA MAQUIADOR 2017.0740.001', '2018-07-11', 'Noturno', 6, 26),
(706, '2018-06-06', 'Aula Graduação PG - Marcio', '2018-06-06', 'Noturno', 12, 15),
(707, '2018-06-06', 'TIP - Prof Gil', '2018-06-06', 'Noturno', 6, 27),
(708, '2018-06-13', 'Formatura Aprendizagem', '2018-06-13', 'Vespertino', 8, 26),
(709, '2018-06-11', 'Fund II Sesc', '2018-06-11', 'Matutino', 11, 17),
(710, '2018-06-12', 'Fund II Sesc', '2018-06-12', 'Matutino', 11, 17),
(711, '2018-06-13', 'Fund II Sesc', '2018-06-13', 'Matutino', 11, 17),
(712, '2018-06-08', 'Taisa, pg 1', '2018-06-08', 'Noturno', 16, 27),
(713, '2018-07-05', 'DIT', '2018-07-05', 'Matutino', 6, 1),
(714, '2018-07-05', 'DIT', '2018-07-05', 'Vespertino', 6, 1),
(715, '2018-07-05', 'DIT', '2018-07-05', 'Noturno', 6, 1),
(716, '2018-06-14', 'Carlos, turma PG', '2018-06-14', 'Noturno', 16, 27),
(717, '2018-06-15', 'Gil, cabeleireiro', '2018-06-15', 'Matutino', 16, 27),
(718, '2018-06-15', 'Deris, PG', '2018-06-15', 'Noturno', 16, 27),
(719, '2018-06-18', 'PG 1 fase - Taisa primeira parte da aula.', '2018-06-18', 'Noturno', 8, 27),
(720, '2018-06-20', 'Sesx', '2018-06-20', 'Matutino', 11, 17),
(721, '2018-06-22', 'Médio', '2018-06-22', 'Vespertino', 11, 20),
(722, '2018-06-20', 'ADS 1 fase', '2018-06-20', 'Noturno', 1, 9),
(723, '2018-06-21', '1ª Fase de PG', '2018-06-21', 'Noturno', 12, 5),
(724, '2018-06-28', 'Reunião DIT', '2018-06-28', 'Matutino', 13, 1),
(725, '2018-06-28', 'Reunião DIT', '2018-06-28', 'Vespertino', 13, 1),
(726, '2018-06-21', 'PG - 3ª Fase - Profº Carlos', '2018-06-21', 'Noturno', 12, 15),
(727, '2018-06-26', 'Arthur - Gestão ', '2018-06-26', 'Noturno', 1, 5),
(728, '2018-07-02', 'Reserva para 3ª PG', '2018-07-02', 'Noturno', 23, 27),
(729, '2018-06-30', 'Pós SI', '2018-06-30', 'Matutino', 5, 20),
(730, '2018-06-30', 'Pós SI', '2018-06-30', 'Vespertino', 5, 20),
(731, '2018-07-03', 'Sesc', '2018-07-03', 'Matutino', 11, 17),
(732, '2018-07-04', 'Sesc', '2018-07-04', 'Matutino', 11, 17),
(733, '2018-06-27', 'biblioteca - taisa - PG 2', '2018-06-27', 'Noturno', 8, 27),
(734, '2018-06-28', '1ª fase PG', '2018-06-28', 'Noturno', 1, 20),
(735, '2018-07-04', 'T.Enfermagem\r\nTurma 4', '2018-07-04', 'Noturno', 5, 7),
(736, '2018-07-04', 'Enf. Prof Adriana', '2018-07-04', 'Noturno', 12, 8),
(737, '2018-07-02', 'Design de Interiores', '2018-07-02', 'Vespertino', 6, 20),
(738, '2018-07-03', 'Confraternização', '2018-07-03', 'Noturno', 6, 1),
(739, '2018-07-03', 'TE05', '2018-07-03', 'Noturno', 9, 8),
(740, '2018-07-03', 'RH 4a FASE', '2018-07-03', 'Noturno', 9, 20),
(741, '2018-07-04', 'Gil - Cabeleireiro', '2018-07-04', 'Matutino', 6, 20),
(742, '2018-07-04', 'Gil - TIP Mód4', '2018-07-04', 'Noturno', 6, 20),
(743, '2018-07-04', 'Enfermagem, prof. Maciel', '2018-07-04', 'Noturno', 16, 27),
(744, '2018-07-06', 'Capacitação Senac Varejo - Carlos', '2018-07-06', 'Matutino', 12, 1),
(745, '2018-07-06', 'Capacitação Senac Varejo - Carlos', '2018-07-06', 'Vespertino', 12, 1),
(746, '2018-07-09', 'Professor Cesar', '2018-07-09', 'Vespertino', 5, 20),
(747, '2018-07-09', 'Professor Cesar', '2018-07-09', 'Noturno', 5, 20),
(748, '2018-07-11', '1ª Fase PG - Camila', '2018-07-11', 'Noturno', 12, 20),
(749, '2018-07-07', 'Excel Básico', '2018-07-07', 'Matutino', 4, 5),
(750, '2018-07-09', 'Aprendizagem - Aloisio', '2018-07-09', 'Vespertino', 12, 3),
(751, '2018-07-10', 'Enf. 05 - Amália', '2018-07-10', 'Noturno', 12, 7),
(752, '2018-07-12', 'Jaime - TDI Módulo 2', '2018-07-12', 'Noturno', 6, 20),
(753, '2018-07-13', 'Pós segurança', '2018-07-13', 'Noturno', 5, 20),
(754, '2018-07-14', 'Pós Segurança', '2018-07-14', 'Matutino', 5, 20),
(755, '2018-07-11', '2018.0779.004 - THAYS', '2018-07-11', 'Vespertino', 8, 3);
INSERT INTO `reserva` (`id`, `fim`, `informacao`, `inicio`, `periodo`, `idUsuario`, `idSala`) VALUES
(756, '2018-07-09', 'ABERTURA CONFEITEIRO 001', '2018-07-09', 'Noturno', 8, 1),
(757, '2018-07-12', 'Amalia', '2018-07-12', 'Noturno', 8, 7),
(758, '2018-07-14', 'Pós Empresarial', '2018-07-14', 'Matutino', 5, 6),
(759, '2018-07-14', 'Pós Empresarial', '2018-07-14', 'Vespertino', 5, 6),
(761, '2018-07-13', 'Maciel', '2018-07-13', 'Noturno', 16, 27),
(762, '2018-07-18', 'Capacitação NEB - Cesar', '2018-07-18', 'Vespertino', 1, 20),
(763, '2018-07-27', 'Curso Coach', '2018-07-23', 'Noturno', 12, 20),
(764, '2018-07-27', 'Líder Coach', '2018-07-23', 'Vespertino', 5, 1),
(765, '2018-07-23', 'Líder Coach', '2018-07-23', 'Vespertino', 5, 20),
(766, '2018-07-24', 'Líder Coach', '2018-07-24', 'Vespertino', 5, 20),
(767, '2018-07-25', 'Líder Coach', '2018-07-25', 'Vespertino', 5, 20),
(768, '2018-07-26', 'Líder Coach', '2018-07-26', 'Vespertino', 5, 20),
(769, '2018-07-27', 'Líder Coach', '2018-07-27', 'Vespertino', 5, 20),
(770, '2018-07-23', 'Natura - Líder ', '2018-07-23', 'Matutino', 5, 20),
(771, '2018-07-24', 'Natura - Líder', '2018-07-24', 'Matutino', 5, 20),
(772, '2018-07-25', 'Natura - Líder ', '2018-07-25', 'Matutino', 5, 20),
(773, '2018-07-26', 'Natura - Líder', '2018-07-26', 'Matutino', 5, 20),
(774, '2018-07-27', 'Natura - Líder', '2018-07-27', 'Matutino', 5, 20),
(775, '2018-07-31', 'ADS 3 Renata', '2018-07-31', 'Noturno', 1, 20),
(776, '2018-08-07', 'Myrian RH e PG', '2018-08-07', 'Noturno', 5, 20),
(777, '2018-07-24', 'Myrian RH e PG', '2018-07-24', 'Noturno', 5, 1),
(778, '2018-07-31', 'Myrian RG e PG', '2018-07-31', 'Noturno', 5, 1),
(779, '2018-08-14', 'Myrian RH e PG', '2018-08-14', 'Noturno', 5, 1),
(780, '2018-08-21', 'Myrian RH e PG', '2018-08-21', 'Noturno', 5, 1),
(781, '2018-08-28', 'Myrian RH e PG', '2018-08-28', 'Noturno', 5, 1),
(782, '2018-08-14', 'Renata - ADS', '2018-08-14', 'Noturno', 1, 20),
(783, '2018-08-28', 'Renata - ADS', '2018-08-28', 'Noturno', 1, 20),
(784, '2018-09-11', 'Renata - ADS', '2018-09-11', 'Noturno', 1, 20),
(915, '2018-09-25', 'PG - Prof Marcio', '2018-09-25', 'Noturno', 12, 20),
(786, '2018-07-02', 'Mara, PG', '2018-07-02', 'Noturno', 16, 1),
(787, '2018-08-02', 'Mara, PG', '2018-08-02', 'Noturno', 16, 27),
(788, '2018-08-09', 'Mara, PG', '2018-08-09', 'Noturno', 16, 27),
(789, '2018-08-16', 'Profª Mara', '2018-08-16', 'Noturno', 12, 20),
(790, '2018-08-23', 'Profª Mara', '2018-08-23', 'Noturno', 12, 20),
(791, '2018-08-16', 'Mara, PG', '2018-08-16', 'Noturno', 16, 27),
(792, '2018-07-28', 'Workshop', '2018-07-28', 'Matutino', 12, 20),
(793, '2018-07-28', 'Workshop', '2018-07-28', 'Vespertino', 12, 20),
(794, '2018-07-31', 'Processo seletivo SESC', '2018-07-31', 'Matutino', 13, 10),
(795, '2018-07-30', 'JA - Aloisio', '2018-07-30', 'Vespertino', 12, 18),
(796, '2018-08-02', 'TE05', '2018-08-01', 'Noturno', 9, 8),
(797, '2018-07-31', 'Auditorio', '2018-07-31', 'Matutino', 11, 26),
(798, '2018-07-31', ' Médio', '2018-07-31', 'Matutino', 11, 20),
(799, '2018-08-01', 'Gil Cabeleireiro', '2018-08-01', 'Matutino', 17, 27),
(800, '2018-08-01', 'Aloísio - 2018.0779.003', '2018-08-01', 'Vespertino', 8, 18),
(801, '2018-08-01', 'Lucinea - 2018.0744.001', '2018-08-01', 'Vespertino', 8, 6),
(802, '2018-08-03', 'Pós em Marketing', '2018-08-03', 'Noturno', 5, 20),
(803, '2018-08-03', 'Prof. Adriana', '2018-08-03', 'Noturno', 5, 7),
(804, '2018-08-07', 'Adriana', '2018-08-07', 'Noturno', 5, 7),
(805, '2018-08-09', 'Adriana', '2018-08-09', 'Noturno', 5, 7),
(806, '2018-08-09', 'Cesar - PG ª', '2018-08-09', 'Noturno', 5, 20),
(807, '2018-08-17', 'Sesc', '2018-08-17', 'Matutino', 11, 7),
(808, '2018-08-18', 'Formatura 4 Fase RH', '2018-08-18', 'Noturno', 8, 26),
(809, '2018-08-13', 'AULA ALOISIO', '2018-08-13', 'Vespertino', 8, 18),
(810, '2018-08-13', 'Biblioteca - Thais Farsen', '2018-08-13', 'Noturno', 8, 27),
(811, '2018-08-16', 'a sala 108 está em reforma', '2018-08-13', 'Noturno', 8, 2),
(812, '2018-08-24', 'enfermagem - a sala 108 está em manutenção.', '2018-08-20', 'Noturno', 8, 2),
(813, '2018-08-20', 'Elaine, Design', '2018-08-20', 'Noturno', 16, 27),
(814, '2018-08-14', 'Profº Maria José - Enfermagem 4', '2018-08-14', 'Noturno', 12, 7),
(815, '2018-08-22', 'Profº Maria José - Enfermagem 4', '2018-08-22', 'Noturno', 12, 7),
(816, '2018-08-15', 'Profª Adriana - Enfermagem', '2018-08-15', 'Noturno', 12, 7),
(817, '2018-08-14', 'Profº Maciel - Enf 5', '2018-08-14', 'Noturno', 12, 8),
(818, '2018-08-15', 'Profº Maciel - Enf 5', '2018-08-15', 'Noturno', 12, 8),
(819, '2018-08-15', 'Maricel', '2018-08-15', 'Noturno', 16, 27),
(820, '2018-08-16', 'Lucinea - turma 2017.0779.002', '2018-08-16', 'Vespertino', 8, 18),
(821, '2018-08-16', 'Lucinea - turma 2017.0779.002', '2018-08-16', 'Vespertino', 8, 6),
(822, '2018-08-18', 'Francine - NEB', '2018-08-18', 'Noturno', 1, 20),
(823, '2018-09-05', 'Reunião DMC-DR', '2018-09-04', 'Matutino', 13, 1),
(824, '2018-09-05', 'Reunião DMC-DR', '2018-09-04', 'Vespertino', 13, 1),
(825, '2018-08-20', '110 - Aloísio - 2018.0744.001', '2018-08-20', 'Vespertino', 8, 18),
(826, '2018-08-22', 'Reunião Ensino Médio Técnico', '2018-08-22', 'Matutino', 11, 25),
(827, '2018-08-22', 'Reunião Ensino Médio Técnico', '2018-08-22', 'Vespertino', 11, 25),
(828, '2018-08-21', 'Profª Simone - JA', '2018-08-21', 'Vespertino', 12, 18),
(829, '2018-08-21', 'Profª Simone - JA', '2018-08-21', 'Vespertino', 12, 6),
(830, '2018-08-23', 'Téc. Enfermagem - Amália', '2018-08-23', 'Noturno', 12, 7),
(831, '2018-08-22', 'Artur e Maricel', '2018-08-22', 'Noturno', 16, 27),
(832, '2018-08-29', 'Maricel', '2018-08-29', 'Noturno', 16, 27),
(833, '2018-08-23', 'Amália', '2018-08-23', 'Noturno', 5, 5),
(834, '2018-08-24', 'Pós Pessoas', '2018-08-24', 'Noturno', 5, 20),
(835, '2018-09-06', 'REUNIÃO DIT - SOLICITADO AGENDAMENTO DA SALA POR THAISE (NAF)', '2018-09-06', 'Matutino', 8, 1),
(836, '2018-09-06', 'REUNIÃO DIT - SOLICITADO AGENDAMENTO DA SALA POR THAISE (NAF)', '2018-09-06', 'Vespertino', 8, 1),
(846, '2018-08-28', 'Alunos da Enfermagem 5', '2018-08-28', 'Noturno', 12, 27),
(847, '2018-08-28', 'TDI Luceli', '2018-08-28', 'Noturno', 6, 26),
(839, '2018-08-28', 'DR', '2018-08-28', 'Matutino', 11, 25),
(840, '2018-08-28', 'DR', '2018-08-28', 'Vespertino', 11, 25),
(841, '2018-08-23', 'Maciel', '2018-08-23', 'Noturno', 16, 27),
(842, '2018-09-11', 'Reunião do projeto sobre fortalecimento da marca SENAC.DIT', '2018-09-11', 'Matutino', 27, 1),
(843, '2018-09-11', 'Reunião do projeto sobre fortalecimento da marca SENAC.DIT', '2018-09-11', 'Vespertino', 27, 1),
(894, '2018-09-13', 'Lucinéa', '2018-09-13', 'Vespertino', 5, 18),
(893, '2018-09-12', 'Maricel', '2018-09-12', 'Noturno', 16, 27),
(849, '2018-09-01', 'Pós Empresarial', '2018-09-01', 'Matutino', 5, 20),
(850, '2018-08-31', 'Enf 3 Prof Poliana', '2018-08-31', 'Noturno', 12, 7),
(851, '2018-08-28', '002 - Palestra Artur', '2018-08-28', 'Noturno', 12, 2),
(852, '2018-08-29', '2018.0779.004 - Artur', '2018-08-29', 'Vespertino', 8, 6),
(853, '2018-08-29', '2018.0779.004 - Artur', '2018-08-29', 'Vespertino', 8, 5),
(854, '2018-09-03', 'Enf 4 - Maria José', '2018-09-03', 'Noturno', 12, 7),
(855, '2018-08-30', 'Enf 4 - Maria Jose', '2018-08-30', 'Noturno', 12, 7),
(856, '2018-09-03', 'Prof Thays', '2018-09-03', 'Noturno', 12, 27),
(857, '2018-09-04', 'Sesc', '2018-09-04', 'Matutino', 11, 4),
(858, '2018-09-03', 'aloisio - 2018.0744.001', '2018-09-03', 'Vespertino', 8, 5),
(859, '2018-09-05', 'Reunião de Pesquisa DR e Palhoça', '2018-09-05', 'Vespertino', 16, 25),
(860, '2018-09-04', 'Coffe Break reunião DMC', '2018-09-04', 'Matutino', 13, 25),
(861, '2018-09-04', 'Coffe Break reunião DMC', '2018-09-04', 'Vespertino', 13, 25),
(862, '2018-09-05', 'Senac Tubarão', '2018-09-05', 'Matutino', 13, 25),
(863, '2018-10-02', 'Reservado para Senac Concórdia', '2018-10-01', 'Matutino', 13, 26),
(864, '2018-10-02', 'Reservado para Senac Concórdia', '2018-10-01', 'Vespertino', 13, 26),
(865, '2018-10-02', 'Reservado para Senac Concórdia', '2018-10-01', 'Noturno', 13, 26),
(866, '2018-09-11', 'Miriam, turma 4 fase PG e RH.', '2018-09-11', 'Noturno', 8, 5),
(867, '2018-09-05', 'Turma 4 Prof Maciel', '2018-09-05', 'Noturno', 11, 27),
(868, '2018-09-05', 'ALOISIO - 2018.0779.003', '2018-09-05', 'Vespertino', 8, 6),
(869, '2018-09-05', 'ALOISIO - 2018.0779.003', '2018-09-05', 'Vespertino', 8, 18),
(870, '2018-10-05', 'Formatura Cabeleireiro', '2018-10-05', 'Matutino', 6, 26),
(871, '2018-10-05', 'Formatura Cabeleireiro', '2018-10-05', 'Vespertino', 6, 26),
(872, '2018-10-05', 'Formatura Cabeleireiro', '2018-10-05', 'Noturno', 6, 26),
(873, '2018-09-06', 'Marcio, PG', '2018-09-06', 'Noturno', 16, 27),
(874, '2018-09-10', 'Aloisio', '2018-09-10', 'Vespertino', 11, 18),
(875, '2018-09-10', 'Thays', '2018-09-10', 'Vespertino', 11, 6),
(876, '2018-09-10', 'Thays', '2018-09-10', 'Vespertino', 11, 5),
(877, '2018-09-14', 'Pós Pessoas II', '2018-09-14', 'Noturno', 5, 20),
(878, '2018-09-15', 'Pós Pessoas II', '2018-09-15', 'Matutino', 5, 20),
(879, '2018-09-15', 'Pós Pessoas II', '2018-09-15', 'Vespertino', 5, 20),
(880, '2018-09-11', 'Simone - 2018.0779.002', '2018-09-11', 'Vespertino', 8, 26),
(881, '2018-09-15', 'Feira tecnólogica', '2018-09-15', 'Matutino', 6, 3),
(882, '2018-09-15', 'Feira tecnólogica', '2018-09-15', 'Vespertino', 6, 3),
(883, '2018-09-15', 'Feira tecnólogica', '2018-09-15', 'Noturno', 6, 3),
(884, '2018-09-15', 'Feira tecnólogica', '2018-09-15', 'Matutino', 6, 26),
(885, '2018-09-15', 'Feira tecnólogica', '2018-09-15', 'Vespertino', 6, 26),
(886, '2018-09-12', 'Turma 05 Enfermagem  - Maciel', '2018-09-12', 'Noturno', 6, 20),
(887, '2018-09-12', 'Lucinea', '2018-09-12', 'Vespertino', 11, 18),
(888, '2018-09-12', 'Aloisio', '2018-09-12', 'Vespertino', 11, 5),
(889, '2018-09-12', 'Aloisio', '2018-09-12', 'Vespertino', 11, 6),
(890, '2018-12-21', 'Médio', '2018-09-12', 'Matutino', 11, 9),
(891, '2018-12-21', 'Médio', '2018-09-12', 'Vespertino', 11, 9),
(892, '2018-12-21', 'Médio', '2018-09-12', 'Vespertino', 11, 17),
(895, '2018-09-13', 'Lucinéa', '2018-09-13', 'Vespertino', 5, 6),
(896, '2018-09-18', 'Reunião Médio', '2018-09-18', 'Noturno', 11, 9),
(897, '2018-09-13', 'Marcio PG', '2018-09-13', 'Noturno', 16, 27),
(898, '2018-09-21', 'Aula pós Marketing Digital', '2018-09-21', 'Noturno', 4, 20),
(899, '2018-09-22', 'Aula pós Marketing Digital', '2018-09-22', 'Matutino', 4, 20),
(900, '2018-09-22', 'Aula pós Marketing Digital', '2018-09-22', 'Vespertino', 4, 20),
(901, '2018-09-20', 'TE Turma 3  - Adriana', '2018-09-20', 'Noturno', 6, 7),
(902, '2018-09-26', 'TE Turma 3 - Adriana', '2018-09-26', 'Noturno', 6, 7),
(903, '2018-09-28', 'TE Turma 3  - Adriana', '2018-09-28', 'Noturno', 6, 7),
(904, '2018-09-21', 'Pós em Finanças', '2018-09-21', 'Noturno', 5, 5),
(905, '2018-09-22', 'Pós em Finanças', '2018-09-22', 'Matutino', 5, 6),
(906, '2018-09-22', 'Pós em Finanças', '2018-09-22', 'Vespertino', 5, 6),
(907, '2018-10-09', 'DEP Lori', '2018-10-09', 'Matutino', 6, 1),
(908, '2018-10-01', 'Reunião dos Diretores da Região Sul 22 pessoas', '2018-10-01', 'Matutino', 27, 1),
(909, '2018-10-01', 'Reunião dos Diretores da Região Sul 22 pessoas', '2018-10-01', 'Vespertino', 27, 1),
(910, '2018-09-21', 'Sesc Taís', '2018-09-21', 'Matutino', 6, 1),
(911, '2018-09-21', 'Sesc Taís', '2018-09-21', 'Noturno', 6, 1),
(912, '2018-09-20', 'Marcio, PG', '2018-09-20', 'Noturno', 16, 27),
(913, '2018-10-03', 'Meetup Inovação e Tecnologia', '2018-10-03', 'Noturno', 4, 26),
(914, '2018-09-24', 'Professora Thaís Farsen - PG', '2018-09-24', 'Noturno', 12, 20),
(916, '2018-09-26', 'Enf 5 - Maciel', '2018-09-26', 'Noturno', 12, 8),
(917, '2018-10-04', 'REUNIÃO DMC', '2018-10-04', 'Matutino', 27, 1),
(918, '2018-10-04', 'REUNIÃO DMC', '2018-10-04', 'Vespertino', 27, 1),
(919, '2018-09-27', 'Médio', '2018-09-27', 'Vespertino', 11, 20),
(920, '2018-09-26', 'Artur, PG', '2018-09-26', 'Noturno', 16, 27),
(922, '2018-10-04', 'Técnico em Enfermagem\r\nProfª Adriana', '2018-10-04', 'Noturno', 12, 7),
(923, '2018-10-01', 'Thais Farsen - PG', '2018-10-01', 'Noturno', 8, 20),
(924, '2018-10-03', 'Workshop Universo Senac', '2018-10-03', 'Matutino', 6, 24),
(925, '2018-10-04', 'Palestra Universo Senac', '2018-10-04', 'Noturno', 6, 2),
(926, '2018-10-05', 'Palestra Universo Senac', '2018-10-05', 'Noturno', 6, 8),
(927, '2018-10-05', 'Workshop Universo Senac', '2018-10-05', 'Matutino', 6, 20),
(928, '2020-01-03', '2018.0779.005 - Aprendizagem', '2018-10-01', 'Vespertino', 8, 13),
(929, '2019-10-31', '2018.0744.001 - Aprendizagem', '2018-10-01', 'Vespertino', 8, 11),
(930, '2019-07-19', '2018.0779.004 - Aprendizagem', '2018-10-01', 'Vespertino', 8, 10),
(931, '2018-10-02', 'Maciel', '2018-10-02', 'Noturno', 5, 7),
(932, '2018-10-02', '2018.0779.002 - Simone', '2018-10-02', 'Vespertino', 8, 6),
(933, '2018-10-02', '2018.0779.002 - Simone', '2018-10-02', 'Vespertino', 8, 5),
(934, '2018-10-02', 'Prof Renata Design', '2018-10-02', 'Noturno', 6, 20),
(935, '2018-10-05', 'PROCESSO DE RECRUTAMENTO E SELEÇÃO Nº 534/2018', '2018-10-05', 'Vespertino', 14, 1),
(936, '2018-10-03', 'Lucinéa', '2018-10-03', 'Vespertino', 5, 18),
(937, '2018-10-03', 'Aloisio', '2018-10-03', 'Vespertino', 5, 6),
(938, '2018-10-03', 'Aloisio', '2018-10-03', 'Vespertino', 5, 5),
(939, '2018-10-06', 'Pós MKT', '2018-10-05', 'Noturno', 12, 1),
(940, '2018-10-06', 'Pós MKT', '2018-10-05', 'Noturno', 12, 2),
(941, '2018-10-06', 'Pós MKT', '2018-10-06', 'Matutino', 12, 6),
(942, '2018-10-06', 'Pós MKT', '2018-10-06', 'Vespertino', 12, 6),
(943, '2018-10-04', 'Aloisio', '2018-10-04', 'Vespertino', 5, 18),
(944, '2018-10-18', 'Cine Clube Médio Técnico', '2018-10-18', 'Noturno', 11, 20);

-- --------------------------------------------------------

--
-- Estrutura da tabela `reserva_dias_da_semana`
--

CREATE TABLE `reserva_dias_da_semana` (
  `reserva_id` bigint(20) NOT NULL,
  `dia_da_semana_id` bigint(20) NOT NULL
) ENGINE=MyISAM DEFAULT CHARSET=latin1;

--
-- Extraindo dados da tabela `reserva_dias_da_semana`
--

INSERT INTO `reserva_dias_da_semana` (`reserva_id`, `dia_da_semana_id`) VALUES
(9, 6),
(10, 7),
(11, 7),
(12, 6),
(13, 7),
(14, 7),
(582, 1),
(581, 5),
(580, 5),
(579, 5),
(578, 4),
(16, 6),
(17, 2),
(17, 3),
(17, 4),
(17, 5),
(17, 6),
(18, 2),
(18, 3),
(18, 4),
(18, 5),
(19, 2),
(19, 3),
(19, 4),
(19, 5),
(19, 6),
(20, 2),
(20, 3),
(20, 4),
(20, 5),
(20, 6),
(21, 2),
(21, 3),
(21, 4),
(21, 5),
(21, 6),
(22, 2),
(22, 3),
(22, 4),
(22, 5),
(22, 6),
(32, 2),
(23, 2),
(23, 3),
(23, 4),
(23, 5),
(23, 6),
(24, 2),
(24, 3),
(24, 4),
(24, 5),
(24, 6),
(25, 2),
(25, 3),
(25, 4),
(25, 5),
(25, 6),
(26, 2),
(26, 3),
(26, 4),
(26, 5),
(26, 6),
(27, 2),
(27, 3),
(27, 4),
(27, 5),
(27, 6),
(28, 6),
(28, 5),
(28, 4),
(28, 3),
(28, 2),
(29, 2),
(29, 3),
(29, 4),
(29, 5),
(30, 7),
(31, 7),
(32, 3),
(32, 4),
(32, 5),
(32, 6),
(33, 2),
(33, 3),
(33, 4),
(33, 5),
(33, 6),
(852, 4),
(851, 3),
(850, 6),
(849, 7),
(848, 6),
(35, 2),
(35, 3),
(35, 4),
(35, 5),
(35, 6),
(36, 2),
(36, 3),
(36, 4),
(36, 5),
(36, 6),
(37, 2),
(37, 3),
(37, 4),
(37, 5),
(37, 6),
(38, 2),
(38, 3),
(38, 4),
(38, 5),
(38, 6),
(39, 2),
(39, 3),
(39, 4),
(39, 5),
(39, 6),
(40, 2),
(40, 3),
(40, 4),
(40, 5),
(40, 6),
(41, 2),
(41, 4),
(41, 6),
(514, 3),
(513, 7),
(512, 5),
(43, 2),
(43, 4),
(44, 2),
(44, 4),
(44, 6),
(45, 2),
(45, 3),
(45, 4),
(45, 5),
(45, 6),
(46, 2),
(46, 4),
(47, 2),
(47, 4),
(47, 6),
(48, 3),
(48, 5),
(49, 3),
(49, 5),
(50, 3),
(50, 4),
(50, 5),
(51, 2),
(51, 3),
(51, 4),
(51, 5),
(51, 6),
(52, 5),
(52, 3),
(511, 2),
(510, 2),
(509, 3),
(508, 3),
(55, 3),
(55, 4),
(55, 5),
(56, 2),
(56, 3),
(56, 4),
(56, 5),
(56, 6),
(57, 3),
(57, 5),
(58, 3),
(58, 5),
(59, 3),
(59, 5),
(60, 3),
(60, 4),
(60, 5),
(61, 2),
(61, 3),
(61, 4),
(61, 5),
(61, 6),
(62, 6),
(62, 5),
(62, 4),
(62, 3),
(62, 2),
(63, 2),
(63, 3),
(63, 4),
(63, 5),
(63, 6),
(584, 2),
(584, 1),
(583, 7),
(583, 6),
(583, 5),
(583, 4),
(583, 3),
(583, 2),
(583, 1),
(582, 7),
(582, 6),
(582, 5),
(582, 4),
(582, 3),
(582, 2),
(67, 2),
(67, 3),
(67, 4),
(67, 5),
(67, 6),
(68, 2),
(68, 3),
(68, 4),
(68, 5),
(68, 6),
(69, 2),
(69, 3),
(69, 4),
(69, 5),
(69, 6),
(70, 2),
(70, 3),
(70, 4),
(70, 5),
(70, 6),
(71, 2),
(71, 3),
(71, 4),
(71, 5),
(71, 6),
(925, 5),
(924, 4),
(923, 2),
(922, 5),
(921, 5),
(73, 2),
(73, 3),
(73, 4),
(73, 5),
(73, 6),
(74, 2),
(74, 3),
(74, 4),
(74, 5),
(74, 6),
(75, 2),
(75, 3),
(75, 4),
(75, 5),
(75, 6),
(76, 2),
(76, 3),
(76, 4),
(76, 5),
(76, 6),
(77, 2),
(77, 3),
(77, 4),
(77, 5),
(77, 6),
(78, 2),
(78, 3),
(78, 4),
(78, 5),
(78, 6),
(79, 2),
(79, 3),
(79, 4),
(79, 5),
(79, 6),
(80, 2),
(80, 3),
(80, 4),
(80, 5),
(80, 6),
(81, 2),
(81, 3),
(81, 4),
(81, 5),
(81, 6),
(82, 2),
(82, 3),
(82, 4),
(82, 5),
(82, 6),
(83, 2),
(83, 3),
(83, 4),
(83, 5),
(83, 6),
(84, 2),
(84, 3),
(84, 4),
(84, 5),
(84, 6),
(85, 2),
(85, 3),
(85, 4),
(85, 5),
(85, 6),
(86, 2),
(86, 3),
(86, 4),
(86, 5),
(86, 6),
(87, 2),
(87, 3),
(87, 4),
(87, 5),
(87, 6),
(88, 2),
(88, 3),
(88, 4),
(88, 5),
(88, 6),
(89, 2),
(89, 3),
(89, 4),
(89, 5),
(89, 6),
(90, 2),
(90, 3),
(90, 4),
(90, 5),
(90, 6),
(91, 2),
(91, 3),
(91, 4),
(91, 5),
(91, 6),
(92, 2),
(92, 3),
(92, 4),
(92, 5),
(92, 6),
(93, 2),
(93, 3),
(93, 4),
(93, 5),
(93, 6),
(94, 2),
(94, 3),
(94, 4),
(94, 5),
(94, 6),
(95, 6),
(96, 7),
(97, 7),
(98, 6),
(99, 7),
(100, 7),
(101, 6),
(102, 7),
(103, 7),
(104, 6),
(105, 7),
(106, 7),
(107, 6),
(108, 7),
(109, 7),
(110, 6),
(111, 7),
(112, 6),
(113, 7),
(114, 7),
(115, 6),
(116, 7),
(117, 7),
(118, 6),
(119, 7),
(120, 7),
(121, 6),
(122, 7),
(123, 7),
(124, 6),
(125, 7),
(126, 7),
(127, 6),
(128, 7),
(129, 7),
(130, 6),
(131, 7),
(132, 7),
(133, 6),
(134, 7),
(135, 7),
(136, 6),
(137, 7),
(138, 7),
(139, 6),
(140, 7),
(141, 7),
(142, 6),
(143, 7),
(144, 7),
(145, 6),
(146, 7),
(147, 7),
(148, 6),
(149, 7),
(150, 7),
(151, 6),
(152, 7),
(153, 7),
(154, 6),
(155, 7),
(156, 7),
(157, 6),
(158, 7),
(159, 7),
(160, 6),
(161, 7),
(162, 7),
(163, 6),
(164, 7),
(165, 7),
(166, 6),
(167, 7),
(168, 7),
(169, 6),
(170, 7),
(171, 7),
(172, 6),
(173, 7),
(174, 7),
(175, 6),
(176, 7),
(177, 7),
(178, 6),
(179, 7),
(180, 7),
(181, 6),
(182, 7),
(183, 7),
(184, 6),
(185, 7),
(186, 7),
(187, 6),
(188, 7),
(189, 7),
(190, 6),
(191, 7),
(192, 7),
(193, 6),
(194, 7),
(195, 7),
(196, 6),
(197, 7),
(198, 7),
(199, 6),
(200, 7),
(201, 7),
(202, 6),
(203, 7),
(204, 7),
(205, 6),
(206, 7),
(207, 7),
(208, 6),
(209, 7),
(210, 7),
(211, 6),
(212, 6),
(213, 7),
(214, 7),
(215, 7),
(216, 6),
(217, 7),
(218, 7),
(219, 6),
(220, 7),
(221, 7),
(222, 7),
(223, 6),
(224, 7),
(225, 7),
(226, 6),
(227, 7),
(228, 7),
(229, 6),
(230, 7),
(231, 7),
(232, 6),
(233, 7),
(234, 7),
(235, 6),
(236, 6),
(237, 7),
(238, 7),
(239, 7),
(240, 7),
(241, 6),
(242, 6),
(243, 7),
(244, 7),
(245, 7),
(246, 7),
(247, 6),
(248, 7),
(249, 7),
(250, 6),
(251, 7),
(252, 6),
(253, 7),
(254, 7),
(255, 7),
(256, 6),
(257, 7),
(258, 7),
(259, 6),
(260, 6),
(261, 7),
(262, 7),
(263, 7),
(264, 7),
(265, 6),
(266, 7),
(267, 7),
(268, 6),
(269, 6),
(270, 7),
(271, 7),
(272, 7),
(273, 7),
(274, 6),
(275, 6),
(276, 7),
(277, 7),
(278, 7),
(279, 7),
(280, 6),
(281, 6),
(282, 7),
(283, 7),
(284, 7),
(285, 6),
(286, 7),
(287, 7),
(288, 7),
(289, 7),
(290, 7),
(291, 6),
(292, 6),
(293, 7),
(294, 7),
(295, 7),
(296, 7),
(297, 6),
(298, 6),
(299, 7),
(300, 7),
(301, 6),
(302, 6),
(303, 7),
(304, 7),
(305, 6),
(306, 7),
(307, 6),
(308, 7),
(309, 7),
(310, 7),
(311, 6),
(312, 7),
(313, 7),
(314, 6),
(315, 7),
(316, 7),
(317, 6),
(318, 7),
(319, 7),
(320, 6),
(321, 7),
(322, 7),
(323, 6),
(324, 7),
(325, 6),
(326, 7),
(327, 7),
(328, 7),
(329, 6),
(330, 7),
(331, 7),
(332, 6),
(333, 6),
(334, 7),
(335, 7),
(336, 7),
(337, 7),
(338, 6),
(339, 6),
(340, 7),
(341, 7),
(342, 7),
(343, 7),
(344, 6),
(345, 6),
(346, 7),
(347, 7),
(348, 7),
(349, 7),
(501, 3),
(351, 7),
(352, 6),
(353, 7),
(354, 7),
(355, 6),
(356, 7),
(357, 7),
(358, 7),
(359, 6),
(360, 7),
(361, 6),
(362, 7),
(363, 7),
(364, 6),
(365, 7),
(366, 7),
(367, 6),
(368, 7),
(369, 7),
(370, 7),
(371, 6),
(372, 7),
(373, 6),
(374, 7),
(375, 7),
(376, 7),
(377, 6),
(378, 7),
(379, 7),
(380, 6),
(381, 7),
(382, 6),
(383, 7),
(384, 7),
(385, 7),
(386, 6),
(387, 7),
(388, 6),
(389, 7),
(390, 7),
(391, 7),
(392, 6),
(393, 6),
(394, 7),
(395, 7),
(396, 7),
(397, 7),
(398, 6),
(399, 7),
(400, 6),
(400, 7),
(401, 7),
(402, 7),
(403, 6),
(404, 7),
(405, 7),
(406, 7),
(407, 6),
(408, 7),
(409, 6),
(410, 7),
(411, 7),
(412, 7),
(413, 6),
(414, 6),
(415, 7),
(416, 7),
(417, 7),
(418, 7),
(419, 6),
(420, 7),
(421, 7),
(422, 6),
(423, 7),
(424, 7),
(425, 6),
(426, 7),
(427, 7),
(428, 6),
(429, 7),
(430, 7),
(431, 6),
(432, 7),
(433, 7),
(434, 6),
(435, 7),
(436, 7),
(437, 6),
(438, 6),
(439, 7),
(440, 7),
(441, 7),
(442, 7),
(443, 6),
(444, 6),
(445, 7),
(446, 7),
(447, 7),
(448, 7),
(449, 6),
(450, 6),
(451, 7),
(452, 7),
(453, 7),
(454, 7),
(455, 6),
(456, 7),
(457, 7),
(458, 7),
(459, 2),
(460, 1),
(461, 6),
(462, 7),
(463, 7),
(464, 5),
(465, 6),
(466, 3),
(467, 5),
(468, 6),
(472, 4),
(470, 2),
(471, 2),
(473, 5),
(500, 4),
(475, 5),
(476, 4),
(477, 2),
(478, 5),
(479, 4),
(480, 4),
(481, 6),
(482, 2),
(483, 7),
(484, 5),
(485, 5),
(486, 5),
(492, 2),
(490, 4),
(493, 3),
(494, 3),
(495, 4),
(496, 2),
(496, 3),
(496, 4),
(496, 5),
(496, 6),
(497, 4),
(498, 5),
(499, 4),
(499, 5),
(499, 6),
(502, 2),
(503, 3),
(503, 5),
(504, 2),
(504, 3),
(504, 4),
(504, 5),
(504, 6),
(505, 2),
(505, 4),
(506, 2),
(506, 4),
(507, 2),
(507, 4),
(514, 5),
(515, 3),
(516, 3),
(517, 5),
(518, 4),
(519, 4),
(520, 2),
(520, 3),
(520, 4),
(520, 6),
(521, 2),
(521, 3),
(521, 4),
(521, 6),
(522, 5),
(523, 2),
(523, 3),
(523, 4),
(523, 5),
(523, 6),
(524, 2),
(524, 3),
(524, 4),
(524, 5),
(525, 2),
(526, 7),
(527, 3),
(528, 3),
(529, 4),
(530, 5),
(531, 2),
(532, 4),
(532, 5),
(533, 2),
(534, 3),
(535, 6),
(536, 3),
(536, 4),
(536, 5),
(537, 6),
(538, 2),
(539, 3),
(540, 6),
(541, 3),
(542, 4),
(543, 4),
(544, 3),
(545, 5),
(546, 5),
(547, 4),
(548, 2),
(549, 6),
(550, 2),
(551, 2),
(552, 2),
(553, 4),
(554, 1),
(554, 2),
(554, 3),
(554, 4),
(554, 5),
(555, 1),
(555, 2),
(555, 3),
(555, 4),
(555, 5),
(556, 5),
(557, 4),
(558, 6),
(559, 5),
(560, 5),
(563, 2),
(562, 2),
(564, 4),
(564, 5),
(565, 2),
(565, 4),
(566, 4),
(566, 5),
(567, 6),
(568, 6),
(569, 3),
(570, 3),
(571, 2),
(572, 3),
(573, 3),
(574, 3),
(575, 3),
(576, 3),
(577, 4),
(584, 3),
(584, 4),
(584, 5),
(584, 6),
(584, 7),
(585, 4),
(586, 6),
(587, 6),
(588, 4),
(589, 5),
(590, 4),
(591, 4),
(592, 4),
(593, 2),
(593, 3),
(593, 4),
(593, 5),
(593, 6),
(594, 4),
(595, 5),
(596, 5),
(597, 5),
(598, 5),
(599, 2),
(600, 5),
(601, 5),
(602, 6),
(603, 6),
(604, 6),
(605, 2),
(606, 4),
(607, 3),
(608, 4),
(609, 6),
(610, 6),
(611, 5),
(612, 5),
(613, 5),
(614, 6),
(615, 2),
(616, 3),
(617, 6),
(618, 2),
(620, 4),
(621, 6),
(622, 2),
(623, 2),
(627, 5),
(626, 2),
(628, 5),
(629, 2),
(630, 2),
(631, 4),
(632, 4),
(633, 4),
(634, 4),
(635, 4),
(636, 6),
(637, 7),
(638, 5),
(639, 5),
(640, 6),
(641, 2),
(642, 2),
(642, 3),
(642, 4),
(642, 5),
(642, 6),
(643, 7),
(644, 6),
(645, 3),
(646, 3),
(647, 3),
(648, 3),
(649, 4),
(650, 4),
(651, 4),
(652, 5),
(653, 3),
(654, 5),
(655, 6),
(656, 6),
(657, 6),
(658, 7),
(659, 7),
(660, 6),
(661, 6),
(662, 7),
(663, 7),
(664, 6),
(665, 6),
(666, 7),
(667, 7),
(668, 7),
(669, 7),
(670, 6),
(671, 6),
(672, 4),
(673, 4),
(674, 4),
(675, 3),
(676, 5),
(677, 6),
(678, 2),
(679, 3),
(680, 4),
(681, 4),
(682, 2),
(683, 3),
(684, 6),
(685, 7),
(687, 4),
(688, 5),
(689, 5),
(690, 5),
(691, 5),
(692, 3),
(693, 3),
(694, 3),
(695, 6),
(695, 7),
(696, 6),
(696, 7),
(697, 7),
(698, 7),
(699, 6),
(700, 3),
(701, 3),
(702, 3),
(703, 5),
(704, 3),
(705, 4),
(706, 4),
(707, 4),
(708, 4),
(709, 2),
(710, 3),
(711, 4),
(712, 6),
(713, 5),
(714, 5),
(715, 5),
(716, 5),
(717, 6),
(718, 6),
(719, 2),
(720, 4),
(721, 6),
(722, 4),
(723, 5),
(724, 5),
(725, 5),
(726, 5),
(727, 3),
(728, 2),
(729, 7),
(730, 7),
(731, 3),
(732, 4),
(733, 4),
(734, 5),
(735, 4),
(736, 4),
(737, 2),
(738, 3),
(739, 3),
(740, 3),
(741, 4),
(742, 4),
(743, 4),
(744, 6),
(745, 6),
(746, 2),
(747, 2),
(748, 4),
(749, 7),
(750, 2),
(751, 3),
(752, 5),
(753, 6),
(754, 7),
(755, 4),
(756, 2),
(757, 5),
(758, 7),
(759, 7),
(761, 6),
(762, 4),
(763, 2),
(763, 3),
(763, 4),
(763, 5),
(763, 6),
(764, 2),
(765, 2),
(766, 3),
(767, 4),
(768, 5),
(769, 6),
(770, 2),
(771, 3),
(772, 4),
(773, 5),
(774, 6),
(775, 3),
(776, 3),
(777, 3),
(778, 3),
(779, 3),
(780, 3),
(781, 3),
(782, 3),
(783, 3),
(784, 3),
(915, 3),
(786, 2),
(787, 5),
(788, 5),
(789, 5),
(790, 5),
(791, 5),
(792, 7),
(793, 7),
(794, 3),
(795, 2),
(796, 4),
(796, 5),
(797, 3),
(798, 3),
(799, 4),
(800, 4),
(801, 4),
(802, 6),
(803, 6),
(804, 3),
(805, 5),
(806, 5),
(807, 6),
(808, 7),
(809, 2),
(810, 2),
(811, 2),
(811, 3),
(811, 4),
(811, 5),
(812, 2),
(812, 3),
(812, 4),
(812, 5),
(812, 6),
(813, 2),
(814, 3),
(815, 4),
(816, 4),
(817, 3),
(818, 4),
(819, 4),
(820, 5),
(821, 5),
(822, 7),
(823, 3),
(823, 4),
(824, 3),
(824, 4),
(825, 2),
(826, 4),
(827, 4),
(828, 3),
(829, 3),
(830, 5),
(831, 4),
(832, 4),
(833, 5),
(834, 6),
(835, 5),
(836, 5),
(846, 3),
(847, 3),
(839, 3),
(840, 3),
(841, 5),
(842, 3),
(843, 3),
(898, 6),
(897, 5),
(896, 3),
(895, 5),
(894, 5),
(893, 4),
(853, 4),
(854, 2),
(855, 5),
(856, 2),
(857, 3),
(858, 2),
(859, 4),
(860, 3),
(861, 3),
(862, 4),
(863, 2),
(863, 3),
(864, 2),
(864, 3),
(865, 2),
(865, 3),
(866, 3),
(867, 4),
(868, 4),
(869, 4),
(870, 6),
(871, 6),
(872, 6),
(873, 5),
(874, 2),
(875, 2),
(876, 2),
(877, 6),
(878, 7),
(879, 7),
(880, 3),
(881, 7),
(882, 7),
(883, 7),
(884, 7),
(885, 7),
(886, 4),
(887, 4),
(888, 4),
(889, 4),
(890, 2),
(890, 3),
(890, 4),
(890, 5),
(890, 6),
(891, 2),
(892, 2),
(892, 3),
(892, 4),
(892, 5),
(899, 7),
(900, 7),
(901, 5),
(902, 4),
(903, 6),
(904, 6),
(905, 7),
(906, 7),
(907, 3),
(908, 2),
(909, 2),
(910, 6),
(911, 6),
(912, 5),
(913, 4),
(914, 2),
(916, 4),
(917, 5),
(918, 5),
(919, 5),
(920, 4),
(926, 6),
(927, 6),
(928, 5),
(928, 3),
(929, 2),
(929, 4),
(930, 2),
(930, 4),
(931, 3),
(932, 3),
(933, 3),
(934, 3),
(935, 6),
(936, 4),
(937, 4),
(938, 4),
(939, 6),
(939, 7),
(940, 6),
(940, 7),
(941, 7),
(942, 7),
(943, 5),
(944, 5);

-- --------------------------------------------------------

--
-- Estrutura da tabela `sala`
--

CREATE TABLE `sala` (
  `id` bigint(20) NOT NULL,
  `nome` varchar(255) DEFAULT NULL,
  `observacao` varchar(255) DEFAULT NULL
) ENGINE=MyISAM DEFAULT CHARSET=latin1;

--
-- Extraindo dados da tabela `sala`
--

INSERT INTO `sala` (`id`, `nome`, `observacao`) VALUES
(1, '001', 'Sala com 21 lugares mesas e cadeiras'),
(2, '002', 'Sala para apresentação e Pós'),
(3, '003', 'Laboratório de informática 30 computadores'),
(4, '101', 'Sala convencional 40 lugares.'),
(5, '112', 'Laboratório de montagem e manutenção 20 computadores e\r\n2 servidores'),
(6, '111', 'Laboratório de Informática com 30 computadores\r\n'),
(7, '004', 'Laboratório de enfermagem'),
(8, '004 A', 'Laboratório de analise clinicas'),
(9, '005', 'Sala convencional 40 lugares '),
(10, '102', 'Sala convencional 40 lugares '),
(11, '103', 'Sala convencional 40 lugares '),
(12, '104', 'Sala convencional 40 lugares '),
(13, '105', 'Sala convencional 40 lugares '),
(14, '106', '8 computadores e 40 lugares'),
(15, '107', '8 computadores e 40 lugares'),
(16, '108', 'Sala convencional com 40 lugares'),
(17, '109', 'laboratório de informática com 30 lugares'),
(18, '110', 'laboratório de informática com 30 lugares'),
(19, '113', 'Laboratório de moda.'),
(20, '114', 'sala conceito'),
(21, '115', '6 computadores e 40 lugares'),
(22, '116', '6 computadores e 40 lugares'),
(23, '006', 'Laboratório de micropiguimentação'),
(24, '007', 'Salão de beleza'),
(25, 'Sala de Reuniões', ''),
(26, 'Auditório', ''),
(27, 'Biblioteca', '14 computadores'),
(28, 'Secretaria Escolar/Acadêmica', 'sala secretaria para 4 a 6 lugares');

-- --------------------------------------------------------

--
-- Estrutura da tabela `usuario`
--

CREATE TABLE `usuario` (
  `id` bigint(20) NOT NULL,
  `enable` tinyint(1) NOT NULL,
  `login` varchar(255) DEFAULT NULL,
  `nome` varchar(50) NOT NULL,
  `senha` varchar(15) NOT NULL,
  `idPerfil` bigint(20) DEFAULT NULL
) ENGINE=MyISAM DEFAULT CHARSET=latin1;

--
-- Extraindo dados da tabela `usuario`
--

INSERT INTO `usuario` (`id`, `enable`, `login`, `nome`, `senha`, `idPerfil`) VALUES
(1, 1, 'admin', 'Nome do Administrador', '12345', 1);

--
-- Indexes for dumped tables
--

--
-- Indexes for table `agenda`
--
ALTER TABLE `agenda`
  ADD PRIMARY KEY (`id`),
  ADD KEY `FK_jj2fk6holntvhwdgtlmjjehod` (`idUsuario`);

--
-- Indexes for table `atividade`
--
ALTER TABLE `atividade`
  ADD PRIMARY KEY (`id`),
  ADD KEY `FK_qsedhhdt94kgowguuwfpx8ta4` (`idPlanejamento`);

--
-- Indexes for table `dia_da_semana`
--
ALTER TABLE `dia_da_semana`
  ADD PRIMARY KEY (`id`),
  ADD UNIQUE KEY `UK_7uvoeqka4nrl79c1h5sis5hgr` (`numeroDoDia`);

--
-- Indexes for table `funcao`
--
ALTER TABLE `funcao`
  ADD PRIMARY KEY (`id`);

--
-- Indexes for table `funcionario`
--
ALTER TABLE `funcionario`
  ADD PRIMARY KEY (`id`),
  ADD UNIQUE KEY `UK_t45qja1wnv0hu1cdw6vqjljgy` (`email`),
  ADD KEY `FK_ivhf468dtsiknvml453elg6bg` (`idFuncao`);

--
-- Indexes for table `perfil`
--
ALTER TABLE `perfil`
  ADD PRIMARY KEY (`id`);

--
-- Indexes for table `planejamento`
--
ALTER TABLE `planejamento`
  ADD PRIMARY KEY (`id`),
  ADD KEY `FK_biu29tqjp7mq47v0a9yyip3or` (`idUsuario`);

--
-- Indexes for table `professor`
--
ALTER TABLE `professor`
  ADD PRIMARY KEY (`id`);

--
-- Indexes for table `reserva`
--
ALTER TABLE `reserva`
  ADD PRIMARY KEY (`id`),
  ADD KEY `FK_5xm06reha3gn5hban0d0ll38h` (`idUsuario`),
  ADD KEY `FK_jyg3hlyslhah1ujwro8ok2pvu` (`idSala`);

--
-- Indexes for table `reserva_dias_da_semana`
--
ALTER TABLE `reserva_dias_da_semana`
  ADD KEY `FK_5b5fhkfcm6d2wdoxnbgjqoa1x` (`dia_da_semana_id`),
  ADD KEY `FK_dkid2i6y7p7uel45k0ef903se` (`reserva_id`);

--
-- Indexes for table `sala`
--
ALTER TABLE `sala`
  ADD PRIMARY KEY (`id`);

--
-- Indexes for table `usuario`
--
ALTER TABLE `usuario`
  ADD PRIMARY KEY (`id`),
  ADD UNIQUE KEY `UK_pm3f4m4fqv89oeeeac4tbe2f4` (`login`),
  ADD KEY `FK_suqouoby8myrl805nnnxw8i4l` (`idPerfil`);

--
-- AUTO_INCREMENT for dumped tables
--

--
-- AUTO_INCREMENT for table `agenda`
--
ALTER TABLE `agenda`
  MODIFY `id` bigint(20) NOT NULL AUTO_INCREMENT, AUTO_INCREMENT=61;

--
-- AUTO_INCREMENT for table `atividade`
--
ALTER TABLE `atividade`
  MODIFY `id` bigint(20) NOT NULL AUTO_INCREMENT, AUTO_INCREMENT=3;

--
-- AUTO_INCREMENT for table `dia_da_semana`
--
ALTER TABLE `dia_da_semana`
  MODIFY `id` bigint(20) NOT NULL AUTO_INCREMENT, AUTO_INCREMENT=8;

--
-- AUTO_INCREMENT for table `funcao`
--
ALTER TABLE `funcao`
  MODIFY `id` bigint(20) NOT NULL AUTO_INCREMENT, AUTO_INCREMENT=8;

--
-- AUTO_INCREMENT for table `funcionario`
--
ALTER TABLE `funcionario`
  MODIFY `id` bigint(20) NOT NULL AUTO_INCREMENT, AUTO_INCREMENT=3;

--
-- AUTO_INCREMENT for table `perfil`
--
ALTER TABLE `perfil`
  MODIFY `id` bigint(20) NOT NULL AUTO_INCREMENT, AUTO_INCREMENT=3;

--
-- AUTO_INCREMENT for table `planejamento`
--
ALTER TABLE `planejamento`
  MODIFY `id` bigint(20) NOT NULL AUTO_INCREMENT, AUTO_INCREMENT=3;

--
-- AUTO_INCREMENT for table `professor`
--
ALTER TABLE `professor`
  MODIFY `id` bigint(20) NOT NULL AUTO_INCREMENT, AUTO_INCREMENT=2;

--
-- AUTO_INCREMENT for table `reserva`
--
ALTER TABLE `reserva`
  MODIFY `id` bigint(20) NOT NULL AUTO_INCREMENT, AUTO_INCREMENT=945;

--
-- AUTO_INCREMENT for table `sala`
--
ALTER TABLE `sala`
  MODIFY `id` bigint(20) NOT NULL AUTO_INCREMENT, AUTO_INCREMENT=29;

--
-- AUTO_INCREMENT for table `usuario`
--
ALTER TABLE `usuario`
  MODIFY `id` bigint(20) NOT NULL AUTO_INCREMENT, AUTO_INCREMENT=28;
COMMIT;

/*!40101 SET CHARACTER_SET_CLIENT=@OLD_CHARACTER_SET_CLIENT */;
/*!40101 SET CHARACTER_SET_RESULTS=@OLD_CHARACTER_SET_RESULTS */;
/*!40101 SET COLLATION_CONNECTION=@OLD_COLLATION_CONNECTION */;